id,gender,age,about_company,refund,topseller,payment,discount,satisfaction
45652,F,30,1,2,0,2,1,-0.5668487978852892
14332,M,35,1,3,2,3,1,-0.6893646509335318
43049,M,26,3,3,1,1,3,-0.9561375856726124
29630,F,43,2,0,0,0,2,-0.3842629753931879
29755,M,37,2,0,3,3,3,0.21694428156959167
9849,F,47,1,3,0,1,0,-0.788853380479053
11410,F,21,0,2,2,1,0,-0.1398066876992783
20811,F,50,3,3,3,3,3,-0.5083932893039442
14239,F,4,1,1,3,0,2,0.13511167496756182
47361,F,13,2,0,0,2,3,0.025507438626691137
11524,M,22,0,2,2,2,2,0.7668369882615487
38724,M,46,1,1,2,0,0,0.9327389475898213
12676,F,5,3,0,3,3,2,0.2869240576824832
49985,F,49,1,1,3,1,3,0.3487668542862943
30378,F,44,1,0,3,0,0,-0.40598373107183083
12737,M,9,3,3,3,3,2,-0.10316199473379761
36262,F,28,3,1,3,1,0,-0.3035024294725619
26182,F,41,2,2,3,1,3,-0.9180413147385922
37178,F,42,3,2,2,3,0,-0.9509232376497252
29133,M,6,1,1,2,3,2,0.8929304755262271
13522,F,28,1,1,1,2,1,0.39763800553473927
38080,F,30,2,1,2,2,3,0.5238464433795207
22619,F,15,2,0,2,1,1,-0.6347675371471486
4649,M,17,2,3,2,3,2,0.14510141237622376
37808,F,42,2,1,2,0,0,-0.8311413378256445
47925,M,36,1,0,0,3,2,0.2649255638373691
48455,F,8,0,0,3,1,3,0.053971464356839194
443,F,5,0,0,0,2,3,-0.6944587422712771
25864,M,41,2,1,1,0,1,-0.49839106287201274
8274,F,38,2,0,1,0,1,0.32151119689719554
30412,F,3,3,3,3,1,0,0.47990445869403
5199,F,43,0,1,3,0,2,-0.9429643571188042
47674,M,7,0,3,3,1,2,0.1931885733830223
8339,F,16,1,3,1,1,3,-0.5870843902407092
5331,M,39,1,3,2,3,3,0.5856811465081206
42478,M,17,2,0,3,1,1,0.2590684009771471
46963,F,19,1,0,2,1,3,0.011142204803904043
25272,M,11,3,1,1,0,1,-0.7859259625864414
28286,M,31,3,1,1,1,0,0.020619399698914576
8000,F,48,3,3,3,1,2,-0.2995911812169725
17909,M,46,3,2,2,2,0,0.08632939726521194
43892,F,8,0,3,3,0,1,0.8545276915875328
30364,F,39,2,0,0,2,0,0.8883295943722269
46657,M,28,0,1,1,3,1,0.7978379795457078
3220,F,45,2,0,2,2,2,0.6778388049724311
3082,F,46,0,3,2,0,2,-0.40149653378413386
14062,M,44,0,1,3,3,2,0.7576278278832205
12354,M,38,3,2,3,3,2,0.5326823704120869
13373,M,33,3,1,1,1,1,0.4068186388999604
22574,M,9,2,0,1,3,2,-0.39405172991145565
2848,M,23,3,2,1,2,2,0.20638842826351445
44848,M,18,3,3,2,2,0,0.3563566728989829
23108,M,3,2,1,0,3,1,-0.31844914838889515
25559,F,10,0,3,0,0,1,-0.43215099896439346
47252,F,19,2,0,3,2,1,0.840737852065383
40389,F,28,2,2,0,2,0,-0.2867086567497781
36348,M,24,3,2,1,2,3,0.5737837257822269
9475,M,1,2,3,2,2,1,0.12183646826048733
8731,M,5,0,3,3,2,1,-0.17516399616715517
46486,M,3,0,2,2,2,0,0.2832019287969383
21998,F,1,0,1,0,1,2,-0.2559317662438687
895,M,36,3,0,3,0,1,-0.08167209404452924
46178,M,37,3,0,1,2,1,-0.31284912793641273
48012,F,10,1,3,2,1,0,-0.5730214389539363
39327,F,8,3,1,1,2,0,-0.8679175704261777
31537,M,39,3,2,1,1,0,-0.939779109657515
31537,F,48,0,0,2,3,1,0.9243642943605284
4499,F,44,1,3,0,3,1,-0.9536079704748293
40627,F,15,2,2,2,3,1,-0.49188886957731937
36556,F,18,2,3,0,1,1,-0.4076466719550307
8905,F,50,0,0,3,3,3,0.40545710696940995
47104,F,33,1,2,3,0,3,-0.9205175243244961
43462,F,12,1,2,0,0,1,0.6569076684768074
13454,F,16,2,1,2,2,0,-0.6793853167369541
37562,M,4,1,0,2,1,2,0.21642409860472878
32595,F,22,3,2,1,2,1,0.43568577840596956
31604,M,48,2,2,0,1,1,-0.7107918675681937
3559,M,10,2,3,2,1,2,0.4998068653872969
30098,F,44,0,1,1,1,2,-0.45472300791986187
49174,F,5,1,2,2,0,1,-0.34570111945371806
17149,F,39,3,0,0,1,1,-0.9487320757059243
49900,M,12,3,3,0,0,0,0.601851322590544
29373,M,14,0,1,3,1,0,0.9000521382223086
24240,M,45,1,1,2,3,2,-0.8708874228504224
2367,M,38,1,3,2,3,2,0.31972251471490964
22984,F,40,0,3,0,3,0,-0.5550028265806315
41247,F,3,3,0,0,0,1,0.3296884991925253
43668,F,26,0,1,2,1,3,-0.7429570136432935
6510,M,43,2,2,0,3,2,-0.24301008491835385
10009,F,41,1,2,0,3,0,-0.5879233289904915
39252,M,2,1,1,0,1,0,0.11975073807436898
32243,M,49,3,0,3,3,0,-0.895109189310539
32645,M,27,1,0,2,2,3,-0.5904015067669937
36044,F,10,2,1,2,2,0,0.3665248570583137
20903,F,19,3,0,0,1,1,-0.7199812684795042
40021,F,47,2,2,3,2,3,0.32267197517928126
34820,M,25,1,3,2,1,2,-0.6257686142262844
26001,F,39,1,1,2,0,1,0.7423124908625938
33226,F,11,0,2,1,1,0,0.05441263765087845
34121,M,32,2,2,3,3,3,0.10897828835677092
48304,M,17,1,2,0,3,3,0.9221887947519052
39221,M,13,0,3,3,3,0,0.9523141154154247
42095,M,22,2,3,1,2,2,-0.3627250984755057
31577,M,16,2,2,3,1,1,-0.9275477783217252
11654,F,29,2,1,1,3,1,0.5200097890370159
12200,M,5,0,0,0,3,2,0.5509565574214279
5195,M,40,0,1,0,3,2,0.8762139589092017
46784,M,4,1,0,2,0,2,-0.9239814370707675
29696,F,43,1,1,0,1,1,-0.8744202238461081
29153,M,33,1,3,2,0,1,0.664148495427552
35617,F,23,2,2,2,3,0,0.35914714834589256
29376,M,23,1,3,3,2,0,0.9666407575555187
49102,F,5,2,3,2,1,1,-0.40066798989688723
29240,M,9,1,0,3,3,2,0.5349474921497919
23930,M,31,3,2,2,3,2,0.532496603179879
47152,F,39,0,1,2,2,1,-0.2876863763825914
26275,F,10,3,1,0,2,3,-0.7507319798761618
21609,M,6,1,1,1,3,1,0.31488890864264474
26263,F,9,2,0,2,1,1,-0.8517237717536261
43441,F,30,0,1,0,0,1,-0.7364751215678169
27373,M,29,3,1,3,1,0,-0.1770087346092868
9340,F,19,0,0,2,2,0,-0.7545531126637686
29424,M,25,2,2,1,3,3,0.5782112252034148
48078,M,37,1,2,1,1,1,-0.18108556729229264
9569,M,13,2,2,1,0,3,-0.39204190782219905
48796,M,18,3,2,0,1,0,0.11992888960096404
5545,M,18,0,0,1,1,2,-0.8491957214131745
150,F,28,3,3,0,2,0,-0.7371957636524249
3348,F,6,2,0,0,1,0,-0.8903361283244662
37998,F,49,3,0,3,3,0,-0.5426374668557443
19610,F,28,2,3,1,1,1,-0.5749072204182117
17859,F,3,3,1,0,3,3,-0.6464323015749365
44583,F,31,3,0,2,1,0,0.9059624232360184
18026,F,6,0,3,2,1,1,-0.6264662100073528
34428,F,11,1,2,0,1,0,-0.8425943495980368
12325,M,42,2,3,2,2,1,-0.5322123068646201
48220,F,11,3,0,3,1,2,0.4767739517427536
24841,F,41,3,2,2,0,2,-0.8025874572155105
5178,M,33,1,3,3,0,2,-0.3551708106740814
45280,M,32,0,3,1,2,2,0.195133858882943
20449,M,9,0,0,1,0,3,0.30899434327460806
29167,M,36,2,0,2,0,0,0.1884364510722547
438,M,25,0,3,3,0,1,-0.01283837409220312
33643,M,30,2,3,1,3,3,0.8225121331056542
12387,M,39,3,3,2,1,1,0.6778951179455519
48023,M,34,3,2,0,0,3,0.9930296820146776
45233,M,34,3,2,3,3,1,0.8639244486873618
11503,F,30,1,3,1,2,1,-0.5712485256967235
46754,M,34,0,1,1,2,0,0.3204769722481502
19427,M,31,3,2,3,0,3,0.3037096857596804
8145,M,47,3,3,3,3,0,-0.7152369271697818
6962,M,22,1,0,0,2,1,0.21752904189055067
24177,F,40,1,0,1,2,3,0.43024001152592306
43543,M,30,3,2,3,2,3,-0.8319476461000161
15285,M,14,1,3,3,0,3,-0.8803190302561412
6919,F,13,3,0,3,3,2,-0.8802514064824358
3511,F,31,0,3,2,2,1,0.3157549778791553
48543,F,11,1,1,0,1,0,-0.38525436137964464
39336,F,1,2,1,1,2,1,-0.37897473287141903
2007,F,14,0,1,2,3,3,0.7251975519686709
47792,F,29,3,2,1,2,3,-0.19888266640625596
35091,F,13,2,3,3,1,1,-0.08977294636707556
24316,F,26,2,1,0,2,3,-0.5650261537508865
47108,F,39,2,3,3,1,3,0.4372993738198667
34179,M,20,2,1,3,3,2,-0.846595841322042
1359,M,4,2,0,2,0,2,-0.258666883125807
2761,M,29,3,2,1,2,0,-0.3656312180377612
38989,M,1,2,1,2,0,2,0.8264370510620234
24004,F,37,2,3,2,1,0,-0.8184025100486565
22752,F,9,3,2,3,2,3,-0.00430364973288877
29752,M,5,0,2,1,2,3,0.32450263692428694
9245,M,41,1,1,1,3,0,0.7818425735074077
20095,F,32,3,3,1,3,3,0.9015011517314644
1052,M,10,1,2,0,2,1,0.7141561767310611
18366,F,37,1,0,3,2,0,-0.7050028441512679
37326,F,26,2,3,2,2,0,-0.34740578938109445
4783,M,30,1,1,0,1,2,-0.5361111575649204
43674,F,33,2,0,0,3,2,-0.9683749750915083
28923,F,18,3,3,2,2,3,0.04366060441580388
18166,F,15,0,3,3,3,0,-0.5594772253328004
41025,M,34,3,1,3,3,2,-0.20727797808918114
49164,F,33,3,3,1,0,1,-0.4083317776947002
40539,M,8,3,0,0,3,2,-0.9083674158288799
15525,M,2,0,3,3,1,2,-0.9800198426400617
12631,F,6,0,1,3,1,3,0.6216139624236676
26993,F,7,0,0,3,2,2,0.6176935832259376
39704,M,7,3,0,1,2,1,0.7639945046902932
8233,M,32,0,2,1,1,2,0.9586941757142922
8494,M,2,3,0,3,2,3,0.4885030782867097
35388,F,10,1,3,2,0,3,-0.11666127509835755
10336,M,2,1,0,1,2,1,-0.9097288205949079
29030,M,34,0,3,0,0,0,-0.37931579989242303
8905,F,35,0,0,0,3,3,0.8099900351027711
15974,M,10,1,2,1,0,0,-0.7815913629378359
14305,M,25,2,0,3,2,2,-0.5215394995037814
20567,F,45,3,1,0,2,0,0.4845362013023886
34643,F,46,3,2,0,3,0,0.8575424021090423
12530,F,14,2,3,0,1,0,0.8953555248543255
35123,F,12,1,0,1,2,3,0.42117099820487036
14862,F,14,2,3,3,0,3,0.30476293389588593
31869,M,6,2,2,3,1,0,-0.8093213931547316
15678,M,13,2,0,0,1,2,-0.7449863415204454
34600,M,20,2,3,0,2,1,0.9353273911493398
42683,F,17,1,0,1,1,2,-0.9626499863226277
36530,F,19,2,1,0,0,1,-0.6660103867394824
38663,M,40,2,1,0,2,2,0.37763315428305666
8353,F,19,3,2,3,2,1,-0.6981709871397306
15416,F,41,3,0,0,0,2,0.8882146250542091
48708,M,5,1,2,0,1,3,-0.5304402983262755
6568,F,42,2,3,3,2,0,0.003507812325171278
10206,F,35,2,0,2,3,0,-0.3436219148471662
48620,M,34,3,2,1,3,2,-0.7657704699001526
47799,F,17,0,0,0,3,0,0.1248763316050201
2109,M,19,2,1,1,2,3,0.21681736673758722
27979,M,24,3,0,1,1,3,-0.9272075751040132
22402,M,44,2,3,0,1,3,0.0022169687853341724
4676,M,23,2,0,0,0,0,-0.2550774320948279
27754,F,17,2,3,2,1,2,0.13691312376091158
21367,M,37,2,0,3,3,2,0.7833840134247037
44622,F,24,1,3,0,0,3,-0.7029811453168493
1066,M,2,0,1,2,2,3,-0.5810841451676392
21254,M,5,0,3,0,2,3,0.46726562414027484
28760,F,5,3,1,0,2,2,0.09529507009404958
27816,F,2,1,1,2,3,0,0.43424889172748116
45263,F,13,1,2,2,2,3,0.059264130500064516
43839,M,35,2,2,2,0,0,0.49444491551054326
9109,M,42,3,0,3,1,0,-0.7634157019457966
38369,F,43,3,2,3,0,2,-0.6488208379946667
10389,F,39,0,2,2,3,0,-0.6594981980830501
48908,F,43,2,1,2,0,2,-0.8159398427364912
34448,M,35,0,0,3,3,2,-0.9668644739449881
41345,M,28,0,3,0,2,0,-0.5877575952724634
8787,M,21,1,2,3,3,0,0.4424156167499109
38882,F,14,3,0,3,1,2,0.4088130968858743
39207,F,45,2,2,2,0,0,0.814057929655972
18311,M,16,2,0,0,3,0,-0.10532013571859711
8733,M,36,2,1,3,1,3,0.9202984927659781
21904,M,20,2,3,1,1,1,-0.23456505412231676
17654,M,12,1,2,0,3,0,-0.8801701333637084
19334,F,30,1,0,2,3,2,0.9786228738261407
13435,M,45,3,0,1,1,2,-0.11903575774655506
14833,M,25,1,0,2,2,0,-0.4053265234762846
19661,M,13,2,0,1,1,0,0.19657447597972832
4550,F,39,2,2,3,3,1,0.4044232431396868
31229,M,40,0,1,0,0,3,-0.8254896929773594
42027,F,27,0,1,0,1,1,-0.6557208167527311
13250,M,17,0,0,0,1,2,0.7022414581559
13592,F,28,3,3,3,0,0,0.7566879323836113
36714,M,11,3,3,0,1,2,-0.6381764270591725
32830,M,43,1,3,2,3,3,0.7220658382727707
461,M,26,1,2,2,0,0,0.1602038658277838
9885,F,33,0,0,3,1,3,0.10700564895415487
42682,M,33,1,3,3,2,2,0.2182739705015866
6544,M,47,0,2,0,3,1,0.6146807572271409
15943,F,40,3,1,1,3,2,0.5038369774591602
16478,M,29,3,0,3,1,1,0.2028449071023546
6946,M,22,1,0,1,2,0,0.32625314237174097
24888,M,45,2,3,0,0,2,0.14100442233904764
10602,F,13,3,2,2,1,3,-0.5746893529602732
36826,M,10,1,2,2,2,1,0.020103711990705264
11161,F,17,0,1,0,0,3,0.5378184445226806
11040,F,43,0,2,3,1,1,0.9105031006357205
2822,F,20,0,1,0,1,3,0.8094061971773461
33280,F,14,3,0,3,1,1,-0.14703328604158172
13491,F,39,2,2,3,0,1,0.40582622332323703
33359,F,30,2,1,2,2,0,-0.8754849282861947
40256,M,48,3,3,3,2,3,0.5568712522973336
1387,F,24,3,2,1,2,2,0.17778631602394324
48636,M,4,0,3,1,2,3,-0.40626040217335135
38936,M,38,2,0,0,0,1,-0.5362202986060816
10936,F,31,3,0,3,0,0,0.4473809666471482
34371,F,23,0,2,1,3,1,0.447589083090042
17115,F,9,2,2,1,3,2,-0.21747769070185563
37734,M,39,2,0,2,3,2,0.23796400845175825
8347,M,49,1,2,1,0,3,-0.7412518811642108
40242,M,40,2,0,3,3,0,-0.7781504541535584
49591,M,20,0,2,1,0,1,0.7916911241689366
18445,M,38,0,1,3,2,3,0.7696737965817777
24986,M,24,2,2,2,2,2,0.33911368073153025
11923,M,8,1,3,0,3,1,-0.3469335010095198
43053,F,36,3,0,1,1,3,0.10595512815436048
27087,M,21,3,1,0,0,3,0.1993184092462168
20103,F,4,3,2,0,3,0,-0.6203855958708961
13622,M,37,3,0,3,3,2,0.699477583139305
23115,M,42,2,3,3,3,1,-0.025561491875294884
28678,M,4,1,2,1,2,1,0.014703646989390862
28923,F,15,0,2,1,0,3,0.7306883140354632
14304,M,43,1,2,1,0,0,-0.6691959784282826
12558,F,1,3,1,2,2,3,0.1355647962287745
6244,M,4,1,3,1,0,1,-0.6281805662001652
46952,F,35,0,1,2,3,3,0.20105189578512217
44525,F,46,3,0,1,3,3,0.66065524892764
4741,M,31,0,0,3,1,0,0.6265305417405633
39672,M,8,2,2,0,0,2,0.21994395793506327
31640,M,26,2,3,3,2,2,0.10987170846733174
40730,F,48,2,2,1,3,0,-0.9085062567623057
44300,M,40,2,3,0,3,3,-0.6881155433006498
1663,M,17,0,2,3,1,2,0.3917857480208067
6840,M,45,1,1,0,1,3,-0.3087494500273793
36106,M,32,0,0,1,2,2,0.6108693412421475
30864,M,22,0,1,1,2,2,0.6963477398033255
162,F,43,2,1,3,3,2,0.9584091363122202
25397,M,15,3,2,1,1,3,0.30019149558585334
36510,F,50,1,2,1,3,2,-0.736637411193805
27666,F,6,3,0,1,1,0,0.14653417558074744
27032,M,41,3,0,2,2,1,0.770166700214298
33750,F,50,2,2,3,3,0,0.8155578253149134
38675,F,32,1,3,3,2,0,-0.7457323192833685
8220,F,6,2,1,2,1,3,-0.5199268115038413
10255,M,8,0,0,1,0,1,-0.9302757241766348
43417,M,22,3,2,3,1,1,-0.4334297478589133
10261,F,17,2,3,3,0,2,-0.9604776885823356
39253,M,1,1,3,1,2,3,0.7213364067371268
44698,M,27,2,0,0,0,3,0.8290527176984013
48939,F,6,3,0,0,3,1,0.01912762186949668
6403,M,27,2,3,3,3,1,-0.9451928368547446
10318,M,33,2,3,0,1,1,-0.9783599329642203
39559,F,2,0,1,3,3,0,0.8152810340943406
34563,M,5,2,1,3,0,0,0.3606860205566391
6046,F,17,3,0,3,0,3,0.7925323931910433
20701,F,17,2,3,2,2,0,-0.24659312632016528
12319,M,20,0,3,2,0,0,0.9973682159414585
43542,F,10,3,3,3,0,0,-0.859173492017703
6565,F,30,2,0,1,1,2,0.24622955426603177
3268,M,1,0,2,2,0,3,-0.0018692511099853704
3944,M,27,3,3,1,3,0,-0.32297204023832515
4433,F,42,3,2,2,2,2,-0.13344080629513577
10404,M,3,2,2,2,1,3,-0.3970714645483844
18524,F,45,3,0,0,0,2,-0.3659156521261422
1354,M,40,2,2,3,1,0,0.7186096230550356
28944,M,15,0,0,2,2,3,-0.3974551974781122
49346,M,46,1,2,1,0,2,0.8606915251653255
47372,F,14,3,0,1,2,1,0.9192980552128613
37281,F,5,3,2,3,2,1,0.5263138925243751
45893,M,39,1,2,1,0,1,0.186996656396744
7014,M,14,2,0,3,1,2,-0.243571005443185
46703,F,1,0,0,3,1,2,-0.5411238053355616
16050,F,38,0,0,3,3,3,0.4725756075771026
14914,M,49,0,1,3,3,1,0.3333689448208066
4797,F,49,1,3,1,3,3,0.8051387789732065
7381,M,11,3,0,2,1,0,0.4407450647416753
7402,M,30,1,0,0,3,2,-0.6854297998293368
29118,F,23,1,2,1,2,2,-0.023425878679850687
41850,M,14,0,0,1,1,2,0.7095544454979126
10467,F,12,0,0,1,3,3,-0.9541971202667499
14364,F,19,3,3,3,2,0,-0.6785980347242493
34619,F,38,2,1,3,1,0,0.8879018200116211
27923,F,23,0,2,0,0,3,-0.7100060741075176
48522,M,30,3,3,1,0,0,-0.36097298111386755
2175,F,38,2,3,1,2,2,-0.18073676049311227
47455,M,2,0,3,0,1,1,0.07292323623828367
46717,F,3,3,1,1,0,0,-0.3757669532520689
12597,M,38,3,2,1,2,2,0.9652179613358145
14751,F,8,2,1,3,0,2,0.7506866331403146
27271,F,27,2,1,3,0,0,0.9115714420216392
19681,F,23,1,3,1,2,1,0.7887570348190887
14381,M,30,0,1,2,2,3,-0.4678897360138028
759,M,11,0,3,1,3,3,-0.5682460716579276
49448,M,47,3,1,2,1,2,-0.6948820479017699
46662,M,19,0,3,2,1,2,0.6533126603546486
29715,F,6,1,2,3,0,2,0.46982104434389993
39360,M,20,2,3,2,1,1,0.3517495709591467
17604,F,3,3,3,1,2,3,0.7830845732473317
37175,F,39,3,1,1,1,3,-0.9118261215222536
9982,F,17,2,2,0,0,1,0.2713999389513937
17011,F,18,0,2,3,2,1,0.4477817359314893
27105,F,39,2,0,1,3,2,0.9212768289024307
35950,F,26,2,2,3,0,0,0.3606889339203776
4958,F,29,0,3,2,2,3,-0.516772151116363
19170,F,45,3,0,2,1,0,0.7466616251367855
31893,M,29,2,1,1,0,2,0.34913916241969867
47089,M,27,0,3,3,3,1,-0.09300429949554756
2877,M,39,0,2,0,3,3,0.8507284226488152
49461,M,22,3,0,3,3,1,-0.6176240391060153
49690,M,18,1,3,3,2,0,-0.6920711346853166
16940,M,46,2,1,3,3,1,-0.1778565577125928
17145,M,39,3,1,1,2,1,0.7344548040357675
41514,F,2,0,2,3,2,0,0.1484806283001967
18073,M,45,1,0,0,2,3,0.8794282961670561
43856,M,5,3,1,3,2,1,-0.5975263296323177
8180,F,9,1,2,1,0,0,0.8657740273962684
19580,M,44,1,3,2,2,1,-0.6426179080403447
22243,F,37,2,2,3,3,2,-0.7211233566502382
13644,F,50,2,0,1,3,2,-0.4287833092491211
2618,M,29,2,3,1,3,1,0.3926479104956202
34964,M,33,0,3,1,2,3,-0.5000300904051609
2606,M,44,3,2,3,3,0,0.5238408261083671
30107,F,49,3,0,3,3,1,-0.8001226296589177
30798,M,43,3,2,3,2,0,-0.7612328832216293
39281,M,44,0,3,1,1,2,0.37736210422447325
8385,F,4,3,1,2,0,1,-0.607333925748462
19878,F,12,2,3,0,1,1,0.24848124123964577
15120,M,43,2,0,3,3,2,0.4031482551935903
1633,F,2,0,1,0,2,1,0.7366438342539707
8844,F,5,1,1,3,0,3,0.15345761193875473
18600,F,13,2,1,2,1,2,0.09526919731559547
4979,M,5,1,1,0,0,3,-0.6337036151156432
40743,M,46,1,0,3,1,1,0.6081352622904832
15197,F,45,2,3,1,1,1,0.1554061978716379
39972,M,29,0,0,1,0,1,-0.2695459075712199
13938,F,50,2,2,2,0,1,-0.6204957363876782
42933,M,24,0,0,2,1,1,0.4014556573017023
49063,F,45,2,1,1,1,0,0.6242883119465914
5547,M,38,2,1,1,1,1,0.7095883705739379
43290,F,25,3,3,1,0,1,0.5110755253670376
49001,M,5,2,3,0,3,0,-0.8457925876893417
40914,F,28,1,0,3,0,0,-0.5644346536925071
17293,F,1,0,1,0,3,2,0.3637232700393105
39825,F,1,0,2,2,1,2,0.0415004747119303
4288,M,50,3,0,2,2,3,0.18262561283590784
11551,F,5,1,0,0,0,2,-0.6989087074675611
2740,M,28,3,3,3,0,0,-0.6617244782895253
42236,F,7,1,0,2,3,3,0.07940894534415488
13941,M,33,1,2,0,1,1,0.7450467927487077
46119,M,1,3,0,0,2,1,0.21753827950001758
19184,F,36,1,3,0,1,3,-0.787959891040312
22223,M,48,0,2,0,2,3,-0.882075249159664
33572,M,50,2,0,0,1,2,0.28052903135099894
25655,M,34,2,3,3,0,3,0.1368645117654097
19398,F,21,1,3,3,1,1,-0.768919405742188
35167,M,4,0,1,2,3,3,-0.8582963345631556
42847,M,12,2,0,3,3,2,0.1704897956477356
33904,M,32,1,1,3,2,1,0.6237823210996611
42596,F,9,0,3,3,2,3,-0.3446718152812245
6768,F,34,1,3,1,0,1,-0.16184631793226334
33760,F,21,3,2,2,3,2,-0.041016133875730665
25169,F,17,1,1,3,2,2,-0.7718284037401177
31888,F,40,2,3,3,3,3,0.25315917445283365
10749,F,1,0,2,2,1,0,0.8808472270164174
24180,F,6,3,0,3,0,2,0.28100629156936896
38744,F,41,0,3,0,1,2,0.06434565087067812
6256,F,50,2,2,2,2,1,-0.09701447601334823
30558,F,50,2,1,0,1,2,0.9607258396814511
37431,F,21,2,1,0,0,2,0.5559476719007463
16641,M,37,1,2,1,0,3,0.8430979423697893
29016,F,31,2,2,0,0,3,-0.16885257375887286
6247,M,49,0,1,3,2,0,-0.15087114993092232
27613,M,29,1,0,0,3,3,-0.5077805870536374
14180,F,15,2,3,3,0,3,-0.6000384103732597
21364,M,22,2,0,0,2,0,0.39564865524805826
785,F,22,0,3,0,0,3,-0.8652294416842434
1131,M,11,1,3,0,2,0,0.35657266759698714
19782,F,5,3,2,3,0,3,0.6791837292405993
32245,M,34,0,1,2,3,1,0.95256115383459
5865,M,45,3,1,0,3,0,0.7843826802573126
22827,M,41,1,1,2,3,0,0.8833270827574786
23784,M,30,2,0,2,0,0,-0.12627312672293978
10583,M,34,1,3,2,3,2,0.9804422569509381
47603,F,40,3,3,1,0,3,0.18000224775197138
5666,F,39,3,1,0,2,2,0.1507235804477547
11635,F,29,0,2,3,1,1,0.5556498287066927
25675,F,46,3,0,2,3,0,0.001995370451637779
34656,M,19,1,3,3,0,2,-0.211612377743561
9065,F,5,2,2,3,2,3,0.9187177492269474
8275,M,19,2,2,0,2,2,-0.08264602270043997
34981,F,14,0,2,2,1,2,-0.47664340662237614
45746,F,14,1,2,1,3,2,-0.4310784998613071
16944,M,41,3,0,2,3,1,0.5008190751634385
28807,M,47,2,1,3,2,0,0.2623669047850776
16534,F,4,2,0,0,0,1,-0.4670067271537788
30547,M,23,0,2,0,3,3,0.5897480534491992
16140,M,17,2,3,1,2,3,0.642966376022555
17794,F,37,2,2,0,0,0,-0.16346552773192347
24835,F,44,2,0,3,0,0,-0.3614516285123879
10753,F,10,3,0,0,0,1,0.7997766634622432
35321,F,13,3,0,2,1,0,-0.6537197899219724
46395,F,34,3,2,1,3,3,-0.9546636911403481
17943,F,1,2,1,3,2,1,0.7358195547175421
19948,M,47,2,2,3,3,0,0.24404778218792034
34811,F,49,2,1,1,0,0,0.5977703833919918
19576,M,21,3,3,3,3,2,-0.6193493590505772
34778,F,40,0,3,2,1,1,-0.03304188454942203
31439,F,50,1,1,3,0,1,-0.6431505567506695
25469,M,11,0,2,2,2,2,0.9279021600624711
38037,M,40,0,1,3,2,1,0.7117938889682547
43899,F,27,2,2,3,3,3,-0.7163606423939877
15107,F,49,1,2,0,1,0,-0.5299260453482864
44562,M,44,3,2,2,2,0,-0.5764640169144601
32886,F,23,3,1,2,0,3,-0.6591063409974882
5353,M,23,2,1,3,3,0,0.6525965467367962
2152,M,37,1,0,0,0,3,-0.2645173092221109
2871,M,25,1,3,0,1,2,0.03966347477783194
38724,F,5,0,0,3,3,3,0.8676289826736931
46202,F,31,3,1,1,1,2,0.6068822904808506
11257,F,33,1,3,0,3,0,-0.3107518418615003
1544,F,8,3,1,0,3,2,-0.4127916416580588
1890,M,50,0,0,2,2,0,-0.652150098173931
31521,M,31,3,2,1,1,2,0.14668897023114758
42445,F,48,3,2,3,3,2,0.4833093712627481
3908,M,44,2,1,1,0,2,-0.3942659026621842
17606,F,12,2,3,1,3,3,-0.7622073666282567
4566,M,48,0,1,2,2,1,-0.39347948626035967
38774,F,43,2,2,1,1,3,-0.37269386790206416
42219,F,33,1,2,3,3,1,-0.13936468577497063
43673,M,21,1,0,2,3,0,-0.4458355803008798
45282,M,34,2,1,0,1,0,0.1345235986059583
11464,F,31,3,3,1,0,3,-0.13158193505255933
17500,F,43,3,2,2,0,2,-0.1481412953365313
30115,F,11,0,3,0,1,1,-0.1963136294307728
25388,M,22,2,1,0,1,2,-0.23839299235812983
35508,F,38,1,1,0,1,0,-0.10527375972612107
27961,M,2,3,3,0,1,1,0.2977302540259048
8632,M,37,0,3,0,2,1,-0.5499216350555267
11088,F,50,2,2,3,3,0,0.3103544676311927
29593,F,41,0,3,0,0,2,0.8040897500712718
34606,M,39,3,2,2,0,2,-0.5536098482823135
38161,F,20,3,3,0,1,3,0.5078046002426473
12759,M,24,2,1,0,0,1,0.9766890951785303
28347,F,39,1,3,0,3,3,0.28303133438149075
19990,F,29,0,1,2,3,2,0.7871032966771994
8862,M,47,2,1,3,1,3,0.2507302116418877
49727,F,41,2,0,3,3,2,-0.1781314603283568
3350,M,36,1,0,1,3,1,-0.29570569333063834
26123,F,21,0,2,0,0,3,0.20020413634212098
49201,M,29,2,3,1,3,2,0.7668998261649242
49164,F,46,2,2,2,1,1,-0.7812047900663304
19001,F,36,3,3,1,1,1,0.813957315086685
31416,F,40,3,1,2,1,3,-0.6568294178358591
9884,M,17,3,1,3,1,1,0.6919819171844979
18169,M,19,2,3,2,2,0,0.4376923956288321
10686,M,35,1,0,2,3,2,0.21637578802526458
35773,F,40,0,1,1,1,0,0.6164819300768276
44584,M,6,0,1,2,0,3,0.9234927051734056
16960,F,25,2,0,1,1,2,-0.2620789642883652
39838,F,33,1,2,1,2,2,0.00824456554933839
30342,M,42,1,0,3,2,1,0.8970287691421901
20983,F,37,3,0,3,2,2,0.03650335144721639
33028,F,13,2,1,3,0,0,0.9931090572385268
48114,M,41,3,0,3,1,1,0.471790363249317
37478,F,5,0,1,1,1,2,-0.3287991184000665
40763,M,7,2,1,2,1,2,0.6313537110478371
42043,F,19,1,3,0,3,3,-0.4413439383908746
31820,F,41,3,1,0,3,2,-0.14093152861108327
17650,M,9,1,1,3,3,0,0.04153440713239265
19108,F,25,0,3,2,2,2,-0.3444579939867789
11751,M,20,1,3,2,0,1,-0.4535316532014473
40793,M,27,1,3,3,3,0,-0.7423920026503037
45335,M,2,0,0,1,2,2,0.40633079285821516
23974,F,15,2,3,2,2,2,0.2073278294461025
28670,M,35,0,2,0,1,1,-0.7190250578615116
30328,F,26,0,0,3,0,2,-0.4082672199316344
13760,F,12,0,1,3,0,2,0.9762871869790644
25072,F,18,1,0,1,0,1,0.2790893023318628
26983,F,18,2,0,0,1,0,0.09119092629403491
8276,M,36,3,0,1,1,3,-0.8338908307888127
2757,F,36,2,0,2,1,2,-0.6249253849732901
45995,F,26,1,2,2,3,3,-0.79398520985163
45594,M,33,3,2,1,0,0,-0.10375770060456602
20994,F,13,3,0,2,1,0,-0.5177152183920675
34790,F,40,0,1,2,2,2,0.32431907049769193
7571,F,3,2,1,3,1,1,-0.7441843224256426
35311,F,4,0,2,1,0,2,-0.7808322692004876
23688,M,8,0,1,3,1,1,0.6563917510323436
42835,F,21,2,3,0,1,0,-0.6280025531610338
49862,M,5,2,3,1,1,0,0.1336084744779582
15788,M,45,1,3,2,1,0,0.09278348967456318
34238,F,20,3,1,0,1,3,0.915230914869325
30105,M,43,2,2,3,0,3,-0.8809184230504079
15940,F,12,2,1,2,2,1,0.2943861189962069
3162,F,46,2,2,2,2,3,0.9331753047065463
22764,F,40,1,1,1,1,2,-0.9342278847778145
26904,F,4,3,1,3,3,0,-0.288507032466476
49348,M,49,2,1,2,3,2,-0.3255575118470202
47741,F,23,3,3,1,0,2,-0.7243649644574943
15535,M,48,3,3,0,3,1,-0.5563826322278236
42766,M,32,2,1,0,2,2,0.24701760692278651
25044,F,10,0,1,0,1,3,0.6115410434761697
28654,M,26,2,3,2,3,0,0.774377191183045
45405,M,43,3,3,0,2,0,0.12661311767259353
6400,F,41,2,2,0,3,3,-0.10165910208653717
17680,F,47,2,2,1,3,2,-0.1785006578521564
37765,M,49,3,1,0,1,1,-0.18955702644889172
15414,F,46,3,3,3,1,3,0.24454452164556928
15420,M,40,2,0,3,3,2,0.7631511976235712
48825,F,7,2,0,1,3,1,0.27623032245533374
43154,F,40,2,2,1,2,1,-0.2515130497274405
9119,M,25,2,1,3,3,1,-0.4394235741630428
7921,M,37,1,2,0,0,1,0.4818468172732129
14727,M,4,3,1,1,2,3,-0.7412682331699714
39008,M,21,2,2,0,3,0,0.09456658678422958
21102,M,8,1,1,0,0,0,-0.7821130588122935
17089,F,13,0,0,0,1,3,0.9392264396171852
30828,F,7,2,2,3,0,0,-0.7879440994803346
7015,M,16,2,0,0,0,1,0.6806966328249664
14247,M,1,2,3,3,3,3,0.81852923060312
24346,M,5,0,0,3,2,1,0.7620524710180168
39872,M,24,2,1,1,3,0,0.43184358376128085
3622,F,26,1,1,2,1,3,0.0024994943047638163
11398,M,24,3,0,2,3,3,0.009539797263360406
42002,F,27,2,0,1,1,3,0.8988978466121602
35648,F,4,0,2,3,0,3,-0.9462568960856397
3185,F,39,1,0,1,0,1,0.9326287483375508
23663,M,24,2,3,3,3,0,0.7861874414691665
9170,F,37,3,1,3,3,3,-0.6801733540121144
24232,M,41,1,0,2,2,1,-0.8854511114035664
11333,F,6,3,0,2,2,1,-0.9447004814878557
3214,F,41,0,0,0,0,1,-0.3275742668196493
49383,F,42,3,1,1,0,3,0.37254988276932766
7341,M,24,0,1,3,0,1,-0.3192058278315557
6243,M,1,2,2,3,3,2,-0.5713118761389058
4661,F,35,1,2,2,0,3,-0.7566565411046542
27171,M,50,3,3,0,2,2,0.07494005814168903
42872,M,17,0,1,2,0,2,0.825491017898859
29443,F,13,1,0,0,1,3,0.17550195482369846
37655,F,40,2,1,1,3,0,0.13001262119947365
7831,M,1,2,0,0,0,3,-0.018126020787890162
49490,F,27,1,3,1,0,1,0.30269550265878875
18216,M,45,1,2,2,1,2,-0.26796687684832476
7337,F,28,2,2,1,0,0,0.398610487752842
13638,M,33,3,1,1,2,0,-0.5514738574680982
25703,M,31,0,2,3,0,1,0.3351268833994199
24366,M,20,0,3,3,2,3,-0.17244561241699685
43030,M,43,1,2,2,3,2,-0.6692561376143287
39988,F,37,1,2,3,2,0,0.866082229919855
25310,F,29,0,1,0,3,3,0.612848217183676
40413,M,42,2,1,3,0,2,-0.8408806315100981
47915,F,26,0,2,1,2,1,-0.41144163750041507
32247,M,38,0,1,1,1,0,0.04002504959994457
27086,F,14,1,0,2,2,3,-0.14529495032013262
44729,F,48,2,1,2,1,2,-0.30791627222154627
11325,F,21,0,0,0,2,3,0.7644642522609706
48462,F,4,3,0,1,3,0,0.570742765297751
9174,M,12,0,2,0,1,1,-0.2600018295971045
6956,F,26,1,0,1,0,0,0.15821013042287824
24971,M,28,3,1,3,1,2,0.5086774251459496
36460,F,16,2,0,0,1,1,0.6989316607037974
44234,F,35,2,3,3,3,1,-0.16325366061167457
6083,F,39,1,0,1,0,2,0.3634254437661366
26910,M,34,2,1,1,2,0,-0.4906974707505052
17356,M,19,0,1,3,0,2,-0.0008193789146870856
17328,F,5,1,1,3,0,3,0.2664027634543358
35618,M,21,0,0,3,2,3,0.8364839576739616
8848,M,11,0,2,0,0,3,0.40356979686245786
2989,F,8,1,3,0,3,1,0.42020520761961944
20259,M,7,0,2,3,2,2,-0.7937296246796377
1183,M,31,3,1,2,1,0,-0.7978411780153829
15075,F,44,2,0,2,1,1,-0.3870205954455941
25651,F,21,1,2,2,1,3,0.517561579594354
3094,M,25,1,2,3,2,0,-0.5903224709661847
34886,F,18,0,2,2,3,3,0.07763862129366128
13859,M,38,2,1,2,3,3,-0.7775417720269127
24342,M,50,3,3,1,0,3,-0.5017777571021551
32530,F,33,2,1,0,1,3,0.65485758257646
19577,F,19,3,0,0,0,1,0.34754421142141334
20347,M,35,1,0,1,2,1,0.5439166996411906
14781,M,9,1,0,3,3,1,0.7225134153052821
21984,F,14,2,2,3,2,0,0.8876626827201162
3643,M,24,0,0,0,2,0,-0.708181236874621
34194,M,41,0,1,1,3,0,-0.46238666768407044
13684,M,5,0,1,1,0,3,-0.47136412616006673
21499,F,30,0,2,2,0,2,-0.5544998163480064
35048,F,3,0,2,0,2,2,0.8378790395635491
296,F,2,2,3,0,3,3,-0.031764540418453
16971,F,46,1,3,3,3,1,-0.8903224008309385
35095,F,8,0,2,0,1,2,-0.6924995200621673
35086,F,26,0,1,0,3,0,-0.4946069396972912
21901,M,17,0,1,1,2,1,-0.3231652448974791
17240,F,30,3,1,3,2,3,-0.21404794363203705
47386,M,28,2,1,0,2,1,0.33556032051316786
41388,F,2,0,1,0,1,1,-0.8470908714209628
33403,F,47,3,3,3,1,2,-0.6090234570845916
10673,M,40,1,1,1,3,1,-0.023604069923150117
8936,F,35,1,1,3,2,0,0.5001310925453422
5298,F,4,0,1,1,1,1,0.07946922426644143
32591,F,13,0,3,0,1,0,-0.03904918040677541
25942,F,10,1,3,3,0,0,-0.3110182967034132
41540,M,30,1,1,1,1,0,0.11603964674399614
29608,M,39,0,2,0,2,2,-0.9086599815621947
27313,M,24,3,3,1,3,0,-0.17653508438397547
864,F,8,1,3,1,2,2,0.9058497199015596
38326,M,28,2,2,2,1,2,-0.86404852369079
33833,F,21,1,2,3,0,0,0.06802703016980027
25343,M,14,0,0,2,3,1,0.2852632619034925
5367,F,24,3,0,0,0,2,0.014947809489931574
45767,M,33,2,2,1,2,0,0.165362219978475
10812,M,46,2,0,2,2,3,-0.6845924286954956
10137,M,5,1,3,1,0,0,-0.35421069379221115
10124,F,31,1,2,1,3,2,0.706277697164414
40258,F,24,1,1,2,2,1,-0.9825149652574379
30871,M,30,3,3,0,1,1,0.859297744582397
33793,M,36,1,3,1,2,3,0.5159402492554954
40456,M,3,1,1,2,1,0,0.11689241976980935
23012,M,1,1,0,1,3,0,-0.965577504575059
9817,M,36,0,1,3,0,1,0.5808946840188676
1200,F,15,0,0,3,2,1,0.6053472684914689
33559,M,33,3,1,3,1,0,0.7982834876531923
17603,F,43,1,0,0,2,1,-0.8370239445922469
5531,F,34,2,3,0,3,2,0.7361517182768924
38955,F,28,1,3,0,2,2,0.4643227791022413
26708,M,26,2,3,2,3,2,-0.6963224960268279
30984,M,19,3,1,1,2,0,0.421432258510853
43148,F,29,1,3,1,1,2,-0.030501079681646726
1100,M,26,0,2,3,0,0,0.01486748242199587
20877,F,48,3,2,0,2,1,0.2018125062861793
19984,F,29,0,2,1,3,0,-0.5065201228975964
43038,F,11,2,0,2,3,2,-0.3568427062424575
22313,F,29,2,0,0,2,1,-0.14802424905470368
44500,F,10,3,3,3,1,0,-0.12879325199374891
12593,M,25,1,1,3,0,2,-0.3062112929495391
34226,M,44,1,2,1,0,1,0.5135025509572291
5421,M,19,2,0,0,0,3,-0.5990662739412209
41997,M,22,2,0,1,1,2,-0.35255081670210786
18053,F,37,3,1,3,1,3,-0.9270191538596877
4549,F,19,2,1,1,1,1,0.6223374303728264
21857,F,42,1,3,0,0,2,-0.3446924661142412
32393,F,6,3,0,3,1,2,0.5003004589077988
31461,F,13,3,0,2,1,3,0.1912010923207943
32464,M,10,2,2,2,1,0,0.8846615648093856
31625,F,16,2,2,0,3,2,0.9082702930144442
3793,F,5,0,0,0,1,1,0.876636050174256
22107,M,10,3,1,2,3,1,-0.13052284692350136
35841,M,25,3,2,2,2,0,-0.1881453161385227
7689,F,23,3,2,3,0,2,-0.38791767245769826
39899,F,19,1,2,1,3,1,-0.20021478679547466
2346,F,18,0,2,1,0,0,0.7672138630501775
22342,F,29,0,0,0,3,0,-0.85951776728809
41589,F,13,0,2,3,2,2,-0.46263363015373127
18437,F,17,3,3,3,2,0,-0.9272563709288857
29360,F,12,2,3,1,2,0,-0.12311716898784764
23607,F,4,0,3,1,1,2,0.2983364607736836
9273,M,26,1,3,3,2,0,-0.3927648525793599
38705,F,25,2,2,1,1,1,0.3923972625375285
5842,M,27,2,2,3,2,3,0.3203594285237761
26884,M,36,2,2,1,2,2,-0.7121051401413452
10997,F,20,2,1,0,3,1,0.6915855539786004
29366,M,4,2,3,1,2,3,-0.6244043209997994
19995,F,11,0,1,2,3,2,-0.09043141767767149
5918,F,12,0,2,1,2,0,0.43001255714380804
27735,M,19,3,2,0,1,3,0.29132068466209105
2435,F,16,0,1,0,3,1,-0.8750601102202016
34934,F,3,1,3,0,2,2,-0.4067269284457915
34194,M,6,3,2,1,0,0,0.36102917494200315
40873,F,7,3,1,0,0,2,-0.8890551444899639
18869,M,45,1,2,1,1,1,0.47835136701459136
11580,F,34,2,2,1,2,1,-0.9074490510256594
38481,F,15,1,1,1,3,3,-0.7756777137950179
3831,F,14,2,2,1,0,2,0.04889674465389504
25485,M,27,3,3,3,0,1,0.4561660859885204
15896,M,10,0,2,1,3,0,0.8922510344140959
849,F,28,2,2,2,3,1,-0.9209023257716475
38062,M,33,0,1,3,0,1,0.07629346686951566
48712,F,10,0,3,2,1,3,-0.24308605796136495
26402,M,6,0,1,1,1,3,0.22214527467339162
1679,M,16,1,3,2,3,2,0.8291095849981309
33106,M,12,0,0,3,2,1,0.1185579708116038
47817,F,1,3,1,2,0,1,0.7771426958957377
13224,F,2,1,2,1,2,0,0.6981654866337244
7449,F,39,1,1,3,0,3,-0.5379170444378196
9558,F,39,1,1,2,2,2,-0.845451076262945
25689,M,2,3,0,1,1,3,0.00026510725099160304
24644,M,26,0,1,3,3,0,0.28175984880359994
1508,F,8,2,0,3,1,2,0.7657089426934316
2607,F,42,1,2,0,3,3,0.0681015646417873
22934,F,15,0,2,3,1,0,0.17394500905469346
43298,M,30,0,0,1,3,2,-0.7600112047051286
25105,F,5,1,0,2,3,0,0.4512334945421421
37027,F,16,3,3,1,2,0,-0.42242308725563804
49457,F,48,2,2,2,1,1,0.7834013388805523
12707,F,29,1,0,0,1,2,-0.556880458859554
23299,F,23,3,1,1,0,0,-0.13010666404672566
42772,M,9,3,1,0,3,2,-0.06421069003138014
47484,M,17,3,3,2,0,2,0.5637184748435933
7477,F,20,1,1,0,3,2,-0.322688908463693
4880,F,36,2,1,0,1,3,0.7104171699198725
13036,F,2,3,0,3,0,1,-0.49501117449940435
46571,M,8,0,0,1,0,0,-0.14752671854688604
37574,F,49,1,1,3,0,3,0.40297409780389803
16993,F,29,0,1,2,2,1,0.46761684985291097
432,F,8,1,1,3,1,2,-0.48682812625171135
49145,M,3,3,3,0,3,3,-0.15958048739605513
33168,F,15,3,1,2,2,3,-0.05466111696578513
27941,M,36,1,3,0,1,3,-0.1252126312247439
41497,F,3,3,1,2,2,0,0.6034125608473908
26468,M,27,0,3,0,1,2,-0.9093791799212088
14481,M,30,1,2,3,3,2,-0.15866304513170126
31512,F,3,2,1,2,2,1,-0.22028160065221458
20968,F,12,0,0,2,1,3,0.9107691527805231
30158,F,4,0,0,2,3,0,-0.3849004940149152
14808,F,20,0,2,3,1,3,-0.7842290039441704
42798,M,39,1,3,1,0,2,-0.6443548699821535
6116,F,13,0,0,1,3,0,0.9588475481304088
45692,F,8,0,2,1,2,0,-0.021408572572136242
23527,F,15,1,1,1,1,1,0.23502002948813527
5565,M,11,0,0,1,2,3,0.5358105598297731
15736,F,39,1,2,0,0,1,0.3832967971617378
28988,F,4,2,3,1,0,2,0.18377700501078054
41968,F,45,0,2,2,1,0,0.14979989904828295
26550,M,50,1,3,0,1,2,0.8284671529648102
26750,F,47,3,3,1,3,3,-0.7465995244509955
19805,F,28,3,0,2,0,2,0.4166595075749211
42283,M,36,1,3,0,0,2,0.7620831690491494
17150,F,34,2,2,2,2,3,-0.43023795114383523
32029,M,36,3,1,3,2,3,-0.5875406711753937
17346,F,38,2,3,0,2,0,0.66292468646811
37584,M,1,1,2,3,1,1,0.5926506010450334
17885,F,16,0,3,2,0,3,-0.5241055413779134
17073,M,27,3,1,0,3,3,0.6400467605165869
48725,F,43,0,0,2,3,1,0.04387443988066697
31889,F,8,3,0,2,0,0,0.2740123242372592
3305,F,44,2,0,2,3,1,-0.7687738838214562
23188,F,38,3,1,3,0,3,0.2519123053853163
6804,F,20,1,1,2,1,2,-0.8539860878344367
10203,M,26,2,3,3,1,2,-0.709642597687661
9440,F,5,3,2,0,0,0,0.964578822910606
35616,M,2,1,2,0,2,1,-0.9015582117503873
11772,M,3,3,0,1,2,3,0.09044860402536781
11201,F,48,1,3,0,0,1,0.9235679197814883
32139,M,40,2,0,1,0,0,0.5768869948747946
29476,F,18,2,2,2,3,0,0.13779324009467153
17836,M,44,3,2,1,2,3,0.2996130943002959
5927,F,13,0,2,2,2,3,0.08963073849575909
13700,M,23,0,3,1,0,3,0.8621132761807107
5011,F,25,2,3,0,3,3,0.9927267026592959
7921,M,20,2,3,2,0,3,-0.5124208991840817
39930,F,9,0,3,1,1,2,-0.33605854967554105
25046,F,38,1,3,0,2,2,0.33034101198731847
22907,M,24,2,1,2,3,2,0.6733065337685968
15274,F,10,2,3,2,1,0,-0.42180207414648563
1837,F,50,3,2,3,1,2,0.6895357077321544
10807,F,31,0,3,3,0,0,0.7230240178835687
3271,F,26,0,3,3,3,0,-0.09158308437917384
29323,F,3,0,2,3,1,1,0.8270293114216904
45366,F,47,2,1,2,1,0,-0.5514917055522814
46912,F,40,1,2,3,1,2,0.18192219801268616
9572,F,45,0,3,2,1,0,0.21570232852022642
47882,M,36,3,3,3,3,3,-0.278112896412118
16155,F,18,0,3,0,1,3,-0.5050095846620142
33781,F,33,2,3,3,0,0,-0.4282590095475376
19442,F,4,3,1,0,0,2,0.2532549003591571
9236,F,42,0,2,1,2,0,0.29437578626142624
39165,F,48,0,3,0,0,1,-0.8780135467480423
1761,M,41,0,1,0,2,2,0.5868691406284454
3474,F,27,1,1,3,3,2,0.6325305423856198
20608,F,22,2,2,1,3,0,-0.5954503512786942
45369,M,2,2,2,3,1,1,0.5793848876524916
41467,M,15,2,3,1,2,1,-0.5900466130608077
36166,M,14,2,3,3,2,3,-0.6545640854576227
38768,M,19,2,3,1,1,1,0.747711232261159
30164,F,9,2,2,3,0,0,0.8223183536980538
38875,F,48,1,2,2,1,2,-0.14858757886475193
7729,M,39,0,2,2,3,1,0.23180028517109474
49504,F,4,3,0,3,2,1,0.028641181271499727
34022,F,26,0,3,2,3,2,-0.46750546383851277
37012,F,7,2,1,2,0,2,0.9644345954837554
26209,M,22,1,1,3,0,1,0.3291763881904348
21761,M,15,2,0,3,0,1,-0.9968046216540187
35266,M,37,2,2,3,1,0,-0.5564784843529733
24584,M,15,3,1,2,3,2,0.49817629010711495
41313,M,11,3,0,3,1,0,0.9708162305229868
4206,M,34,1,0,0,0,1,-0.5630454206323035
12274,F,40,3,0,1,2,3,0.04583669448119032
28950,F,33,0,2,0,0,2,0.7475673554683142
46096,F,10,3,2,0,1,0,-0.8347962191052838
22352,M,5,2,0,1,3,2,-0.5933905253808083
46625,M,42,0,0,1,0,0,-0.14386304497849278
26169,M,42,1,1,0,0,0,-0.18551148730921785
21257,F,28,2,2,3,1,3,-0.7189331915962691
25876,F,21,0,0,3,1,2,0.530704239251274
10368,M,5,2,1,3,3,1,0.5452981568017978
39152,M,39,0,3,2,3,2,-0.6918633110937866
18071,F,15,1,0,3,3,3,-0.6595035688038151
45993,M,17,1,3,3,0,3,0.10774874201537465
42402,F,35,3,2,0,2,1,-0.07674301323211985
35317,F,37,2,3,0,3,2,0.31808723154207375
24276,F,38,0,0,2,1,2,0.6161408389733058
34582,M,5,2,3,3,0,0,-0.02055092448947149
37095,F,35,2,2,0,1,1,-0.4225688957663838
11276,F,35,0,3,3,3,0,-0.3249010397391612
39521,F,21,0,0,1,2,0,0.21272186116895653
33165,M,4,3,2,1,2,1,-0.6172959555246942
40648,M,12,1,1,0,2,1,-0.12338632433170837
41383,F,28,0,1,2,2,1,0.5610478903662504
44642,F,50,2,2,1,2,1,0.5991861082140617
42854,F,43,3,1,2,0,0,-0.5002574745195494
31510,M,10,3,3,3,3,2,-0.011673372316212793
23668,F,38,1,3,1,2,1,-0.26390858638187376
435,M,48,0,2,2,3,2,0.9480257825947729
23232,M,29,2,3,1,3,2,-0.5035144405783063
28292,F,4,2,0,0,1,0,0.06393463776359232
43183,F,10,1,3,3,1,1,-0.35306095009211735
22065,F,23,3,2,1,0,3,-0.6357216231391503
41096,M,1,1,2,1,1,2,0.14202059583977644
5819,M,29,2,1,0,0,3,-0.3538921444085763
48925,F,20,0,0,3,1,2,0.30430815827682633
36405,F,16,2,0,2,0,1,0.9662965919561346
8506,M,10,2,2,3,0,2,-0.6637856428940971
7231,F,42,3,3,0,0,1,0.0062695584391050385
16039,F,41,3,1,2,2,3,0.2691139872706656
46730,F,15,1,3,1,0,2,0.21473911448001837
30044,M,2,1,2,0,2,3,0.30156762533069625
41944,M,7,3,1,1,3,2,0.03392804352313883
45678,F,45,1,0,2,1,1,0.2527425458856345
46947,M,30,2,3,0,2,0,-0.5723995784338556
26155,M,27,3,3,0,2,3,-0.9132198996358771
15404,M,47,2,1,1,1,3,0.07275056816638403
39731,M,36,2,0,0,0,2,-0.7255725386381522
27884,F,43,1,2,3,1,1,0.11484455226381796
4895,M,19,2,0,2,1,1,0.7078888360430382
5146,F,41,1,0,2,1,2,0.9030882627457322
5681,F,13,3,2,1,2,0,0.21187296604841266
18870,F,22,2,2,1,1,1,-0.2727165035349255
21987,F,40,0,1,1,2,2,-0.6275149182069766
5,F,31,1,2,1,1,1,-0.5761976917891072
18327,M,3,2,0,2,2,3,0.23156378887990425
22967,F,2,1,3,0,0,1,0.8341954943163048
24848,F,39,0,1,1,1,0,-0.8157751855253847
7620,F,43,0,2,2,0,2,0.3447487977897654
13547,F,37,3,1,1,2,2,-0.6145691079646938
2588,M,39,0,3,3,0,2,0.23332158099246447
43861,F,6,2,0,3,2,1,-0.880050682506736
9754,F,40,3,3,0,1,2,0.7514522556526353
14076,F,49,2,2,1,3,2,-0.5210792729811475
12254,F,7,3,1,2,0,3,-0.7403882396579571
4042,F,21,1,2,2,2,2,0.9923384050477595
18101,M,28,0,1,2,2,3,0.5669463242695503
26917,F,15,3,0,3,2,0,-0.11696133795357322
48140,M,3,1,3,1,3,2,-0.8718915225631605
39106,F,27,3,0,2,1,1,0.01628821271307701
40409,M,22,2,3,1,3,1,-0.6711454073858041
49258,F,50,0,3,2,1,2,0.9324324316505834
39760,F,13,1,0,1,3,0,-0.11444414188302798
36373,M,44,0,0,2,3,1,0.7928903685700692
9447,F,17,3,0,1,0,0,0.6112481587067584
3029,F,37,3,0,0,3,2,0.39845780345272974
13167,F,32,3,0,0,2,0,0.9098392561269331
20008,M,14,1,3,1,0,3,-0.6215263810581619
34786,M,35,0,0,3,3,2,0.37501199945125263
47623,F,45,2,3,0,2,2,0.5031770271395082
13827,F,39,2,2,0,0,0,0.6494964877539668
23831,M,16,3,2,3,3,0,0.08520282223698916
14004,M,26,0,3,0,3,0,0.9709137278410029
35308,F,50,2,1,3,3,0,-0.3629425766336105
45331,F,25,2,1,0,0,0,-0.309635521274064
47426,M,37,2,0,1,1,1,0.40003310681658544
45542,F,5,3,1,0,3,3,0.007894736625394971
9036,M,36,0,3,2,0,3,-0.3357552137055728
31222,F,2,3,3,1,0,1,0.2173770448915191
42475,M,28,1,3,3,1,1,-0.8611507093229527
17969,M,5,1,2,1,3,2,-0.8904520662768396
25251,M,43,3,2,3,3,0,0.4443528675221857
7963,F,49,0,2,0,3,0,-0.735904350785269
11697,M,7,0,0,3,1,3,0.9955698641489601
31135,M,31,1,2,3,3,1,-0.9992868921739706
40648,M,37,0,3,1,3,0,-0.73360805802268
37040,F,48,2,0,0,2,0,0.8431486914011099
35800,F,18,2,0,3,0,0,-0.45493852894117826
39176,F,38,2,3,3,1,1,-0.08126573817283944
38207,F,50,3,1,0,1,0,0.2033569892354372
23470,M,2,1,2,0,3,2,-0.0378517933764011
12760,M,41,3,3,2,3,3,0.35495368168920494
45407,M,22,1,3,2,2,3,0.8983208537167029
10218,F,24,3,1,1,0,1,-0.5578913507870542
41975,M,26,1,1,3,2,0,-0.36496843435796533
16379,F,25,0,2,2,0,0,0.4582771590480965
27285,F,22,3,0,0,1,2,-0.60738299673694
29185,F,8,2,0,0,2,1,-0.09114638348754456
1203,F,6,3,0,2,3,1,0.5305098577613951
22592,F,44,0,0,2,2,0,0.25992277284123766
8754,M,19,1,3,2,1,1,0.37234078719187025
25977,F,49,0,1,3,1,3,0.31595459843036067
48304,F,31,0,2,3,0,0,-0.6296119562642832
46686,M,45,2,1,2,3,2,0.6815551357198972
40817,M,32,1,1,2,3,3,0.8514096353666238
29019,F,39,3,0,1,0,3,0.2888222956915514
45373,F,27,2,3,2,0,2,0.7007191365837067
3634,F,10,1,0,3,3,3,0.7339135408551916
7594,M,25,1,0,3,0,2,0.9524937009208103
22439,F,45,0,0,2,1,1,-0.5852874073539112
34576,F,9,3,1,3,3,2,-0.5848068092431316
10867,M,47,3,3,1,3,1,-0.686257260239922
42518,F,20,0,1,0,3,1,0.26534540917059446
14097,F,27,1,3,2,0,0,0.4307351611739705
25455,F,2,0,2,2,0,2,-0.05071712053424471
29767,F,35,3,3,0,2,0,-0.2545239258359051
28275,F,27,3,1,0,1,3,0.9351830132019712
48026,F,2,1,0,1,3,2,0.9087060472866804
12917,M,26,2,2,3,3,0,-0.9678549961570577
19099,F,50,1,1,2,3,0,-0.7388277634955431
49810,M,28,2,3,0,2,1,-0.24358436656782345
19387,F,42,3,3,1,1,2,-0.7205297354031648
45279,M,48,0,0,2,0,0,0.41711812558459105
9006,M,21,2,0,1,0,0,-0.2252624476765197
28249,F,32,3,2,0,3,3,-0.9494325954700598
4534,M,33,0,3,2,2,0,-0.7457241674050488
41060,F,8,1,0,0,1,0,0.16420820908011713
41061,M,41,3,1,2,2,3,-0.5715567605681582
42344,M,6,2,2,1,1,0,0.5155220009811874
44742,F,2,3,3,0,1,1,0.5230519024247493
26011,F,41,1,3,3,0,1,0.5213226467595242
33715,F,9,3,0,2,2,2,0.18274572242992138
543,F,20,1,0,1,0,2,-0.13170201221976385
13275,F,15,1,1,3,1,1,-0.3846009272778652
46027,F,21,0,2,2,3,0,-0.569122695975423
15680,M,25,1,2,2,2,1,-0.9519579342195699
48947,M,15,0,1,3,2,3,-0.43860091486418806
46267,M,20,1,1,1,3,2,-0.9746769958565449
46249,F,13,1,3,0,3,0,-0.27010120132529103
4787,F,33,2,2,3,1,1,0.47383101039471565
44923,M,4,2,1,1,0,0,0.4325674922091667
7223,F,46,3,3,3,2,1,0.46092186423956694
