User ID,Login Datetime
User1,2023-10-10 19:59:00
User2,2023-10-11 17:27:00
User3,2023-10-04 20:04:00
User4,2023-10-30 19:13:00
User5,2023-10-06 10:55:00
User6,2023-10-30 22:16:00
User7,2023-10-12 13:22:00
User8,2023-10-12 06:51:00
User9,2023-10-14 20:30:00
User10,2023-10-08 06:48:00
User11,2023-10-23 12:37:00
User12,2023-10-02 11:17:00
User13,2023-10-03 02:47:00
User14,2023-10-15 11:43:00
User15,2023-10-16 17:08:00
User16,2023-10-14 16:31:00
User17,2023-10-24 12:02:00
User18,2023-10-21 20:03:00
User19,2023-10-04 19:09:00
User20,2023-10-14 20:03:00
User21,2023-10-13 23:52:00
User22,2023-10-19 21:07:00
User23,2023-10-27 08:14:00
User24,2023-10-22 02:31:00
User25,2023-10-19 06:13:00
User26,2023-10-07 15:01:00
User27,2023-10-15 07:45:00
User28,2023-10-06 20:59:00
User29,2023-10-22 17:10:00
User30,2023-10-30 06:22:00
User31,2023-10-05 14:39:00
User32,2023-10-05 22:29:00
User33,2023-10-22 10:55:00
User34,2023-10-30 12:36:00
User35,2023-10-16 07:37:00
User36,2023-10-23 10:14:00
User37,2023-10-24 10:12:00
User38,2023-10-09 11:35:00
User39,2023-10-15 18:27:00
User40,2023-10-05 07:14:00
User41,2023-10-09 01:03:00
User42,2023-10-16 18:35:00
User43,2023-10-03 15:34:00
User44,2023-10-12 20:57:00
User45,2023-10-06 01:48:00
User46,2023-10-28 22:08:00
User47,2023-10-29 03:54:00
User48,2023-10-24 16:30:00
User49,2023-10-25 01:19:00
User50,2023-10-06 10:19:00
User51,2023-10-08 19:17:00
User52,2023-10-28 13:54:00
User53,2023-10-18 13:36:00
User54,2023-10-28 19:14:00
User55,2023-10-26 17:54:00
User56,2023-10-07 19:05:00
User57,2023-10-24 08:39:00
User58,2023-10-21 15:42:00
User59,2023-10-18 02:15:00
User60,2023-10-17 10:36:00
User61,2023-10-16 05:13:00
User62,2023-10-28 08:53:00
User63,2023-10-03 13:21:00
User64,2023-10-13 05:17:00
User65,2023-10-28 22:02:00
User66,2023-10-16 12:20:00
User67,2023-10-06 09:30:00
User68,2023-10-08 12:56:00
User69,2023-10-20 12:25:00
User70,2023-10-18 21:19:00
User71,2023-10-31 01:21:00
User72,2023-10-26 19:57:00
User73,2023-10-12 12:15:00
User74,2023-10-17 12:09:00
User75,2023-10-03 01:52:00
User76,2023-10-26 16:55:00
User77,2023-10-23 17:13:00
User78,2023-10-18 15:59:00
User79,2023-10-15 11:45:00
User80,2023-10-29 12:01:00
User81,2023-10-02 19:00:00
User82,2023-10-05 20:18:00
User83,2023-10-12 05:22:00
User84,2023-10-18 23:32:00
User85,2023-10-18 01:28:00
User86,2023-10-06 03:22:00
User87,2023-10-27 23:17:00
User88,2023-10-14 19:22:00
User89,2023-10-05 08:15:00
User90,2023-10-31 00:07:00
User91,2023-10-14 04:22:00
User92,2023-10-31 17:57:00
User93,2023-10-28 07:34:00
User94,2023-10-04 11:38:00
User95,2023-10-29 01:05:00
User96,2023-10-04 04:47:00
User97,2023-10-16 03:02:00
User98,2023-10-31 03:59:00
User99,2023-10-22 06:44:00
User100,2023-10-29 08:01:00
User101,2023-10-06 08:34:00
User102,2023-10-21 23:15:00
User103,2023-10-01 10:35:00
User104,2023-10-25 22:46:00
User105,2023-10-04 05:47:00
User106,2023-10-06 20:04:00
User107,2023-10-27 06:43:00
User108,2023-10-23 05:40:00
User109,2023-10-21 10:00:00
User110,2023-10-04 03:46:00
User111,2023-10-19 04:04:00
User112,2023-10-20 19:29:00
User113,2023-10-21 00:40:00
User114,2023-10-04 06:42:00
User115,2023-10-06 12:29:00
User116,2023-10-14 19:19:00
User117,2023-10-11 12:41:00
User118,2023-10-08 16:49:00
User119,2023-10-31 16:31:00
User120,2023-10-05 09:36:00
User121,2023-10-22 01:51:00
User122,2023-10-03 17:31:00
User123,2023-10-14 22:37:00
User124,2023-10-02 19:27:00
User125,2023-10-15 09:52:00
User126,2023-10-27 02:07:00
User127,2023-10-06 02:14:00
User128,2023-10-12 22:52:00
User129,2023-10-21 07:41:00
User130,2023-10-06 15:13:00
User131,2023-10-07 14:59:00
User132,2023-10-15 15:07:00
User133,2023-10-06 16:17:00
User134,2023-10-30 08:30:00
User135,2023-10-11 04:12:00
User136,2023-10-20 23:04:00
User137,2023-10-23 08:02:00
User138,2023-10-16 00:19:00
User139,2023-10-16 14:01:00
User140,2023-10-16 22:21:00
User141,2023-10-29 05:25:00
User142,2023-10-21 20:04:00
User143,2023-10-16 22:37:00
User144,2023-10-04 01:10:00
User145,2023-10-27 06:53:00
User146,2023-10-14 00:16:00
User147,2023-10-18 03:48:00
User148,2023-10-01 18:55:00
User149,2023-10-10 06:37:00
User150,2023-10-17 21:32:00
User151,2023-10-30 04:44:00
User152,2023-10-20 02:04:00
User153,2023-10-05 08:17:00
User154,2023-10-04 03:10:00
User155,2023-10-23 13:23:00
User156,2023-10-29 18:38:00
User157,2023-10-14 13:04:00
User158,2023-10-20 09:14:00
User159,2023-10-30 18:29:00
User160,2023-10-09 18:44:00
User161,2023-10-02 11:17:00
User162,2023-10-17 01:53:00
User163,2023-10-14 21:49:00
User164,2023-10-22 11:52:00
User165,2023-10-20 02:56:00
User166,2023-10-21 19:04:00
User167,2023-10-03 00:01:00
User168,2023-10-22 10:51:00
User169,2023-10-05 05:12:00
User170,2023-10-18 05:45:00
User171,2023-10-14 04:32:00
User172,2023-10-22 05:15:00
User173,2023-10-10 14:18:00
User174,2023-10-08 05:22:00
User175,2023-10-08 11:48:00
User176,2023-10-13 22:19:00
User177,2023-10-28 21:20:00
User178,2023-10-09 19:24:00
User179,2023-10-10 12:14:00
User180,2023-10-26 07:04:00
User181,2023-10-22 10:04:00
User182,2023-10-31 03:36:00
User183,2023-10-02 08:58:00
User184,2023-10-11 00:30:00
User185,2023-10-13 06:40:00
User186,2023-10-19 16:27:00
User187,2023-10-23 02:31:00
User188,2023-10-25 09:12:00
User189,2023-10-29 23:07:00
User190,2023-10-05 12:20:00
User191,2023-10-14 09:06:00
User192,2023-10-10 00:20:00
User193,2023-10-07 07:07:00
User194,2023-10-16 04:27:00
User195,2023-10-05 01:46:00
User196,2023-10-20 15:38:00
User197,2023-10-25 22:37:00
User198,2023-10-14 18:51:00
User199,2023-10-30 07:08:00
User200,2023-10-10 22:22:00
User201,2023-10-19 04:57:00
User202,2023-10-12 22:44:00
User203,2023-10-27 22:41:00
User204,2023-10-22 12:42:00
User205,2023-10-26 02:02:00
User206,2023-10-07 08:47:00
User207,2023-10-22 21:38:00
User208,2023-10-10 06:16:00
User209,2023-10-14 15:27:00
User210,2023-10-21 16:23:00
User211,2023-10-20 02:11:00
User212,2023-10-02 09:19:00
User213,2023-10-23 00:49:00
User214,2023-10-15 16:38:00
User215,2023-10-08 12:43:00
User216,2023-10-09 19:14:00
User217,2023-10-01 22:39:00
User218,2023-10-13 08:43:00
User219,2023-10-08 03:34:00
User220,2023-10-24 18:17:00
User221,2023-10-19 08:31:00
User222,2023-10-24 19:41:00
User223,2023-10-15 16:41:00
User224,2023-10-13 08:23:00
User225,2023-10-04 23:33:00
User226,2023-10-18 03:55:00
User227,2023-10-07 05:36:00
User228,2023-10-24 14:19:00
User229,2023-10-29 01:17:00
User230,2023-10-15 19:17:00
User231,2023-10-02 22:17:00
User232,2023-10-26 02:13:00
User233,2023-10-27 05:26:00
User234,2023-10-25 02:25:00
User235,2023-10-03 16:29:00
User236,2023-10-16 14:05:00
User237,2023-10-20 13:57:00
User238,2023-10-17 14:34:00
User239,2023-10-17 00:03:00
User240,2023-10-03 00:18:00
User241,2023-10-28 22:15:00
User242,2023-10-04 17:04:00
User243,2023-10-14 04:43:00
User244,2023-10-31 00:04:00
User245,2023-10-09 05:49:00
User246,2023-10-09 16:03:00
User247,2023-10-02 08:58:00
User248,2023-10-23 00:48:00
User249,2023-10-24 20:27:00
User250,2023-10-13 07:16:00
User251,2023-10-13 06:46:00
User252,2023-10-22 18:38:00
User253,2023-10-21 06:02:00
User254,2023-10-28 06:41:00
User255,2023-10-07 00:42:00
User256,2023-10-28 17:21:00
User257,2023-10-14 15:30:00
User258,2023-10-02 16:06:00
User259,2023-10-29 11:03:00
User260,2023-10-07 10:34:00
User261,2023-10-06 07:17:00
User262,2023-10-07 18:23:00
User263,2023-10-18 07:55:00
User264,2023-10-15 04:39:00
User265,2023-10-31 11:34:00
User266,2023-10-09 13:38:00
User267,2023-10-15 01:17:00
User268,2023-10-01 20:28:00
User269,2023-10-16 09:19:00
User270,2023-10-06 23:45:00
User271,2023-10-03 09:52:00
User272,2023-10-29 11:10:00
User273,2023-10-10 18:30:00
User274,2023-10-12 14:38:00
User275,2023-10-31 03:16:00
User276,2023-10-11 09:32:00
User277,2023-10-04 21:43:00
User278,2023-10-07 07:44:00
User279,2023-10-10 07:55:00
User280,2023-10-16 00:29:00
User281,2023-10-22 11:40:00
User282,2023-10-31 02:05:00
User283,2023-10-07 03:45:00
User284,2023-10-07 02:26:00
User285,2023-10-20 02:03:00
User286,2023-10-15 00:13:00
User287,2023-10-23 19:46:00
User288,2023-10-16 14:14:00
User289,2023-10-04 14:55:00
User290,2023-10-22 00:03:00
User291,2023-10-22 00:56:00
User292,2023-10-08 09:10:00
User293,2023-10-17 07:11:00
User294,2023-10-20 05:01:00
User295,2023-10-22 06:11:00
User296,2023-10-29 12:22:00
User297,2023-10-19 11:11:00
User298,2023-10-21 16:51:00
User299,2023-10-28 04:44:00
User300,2023-10-21 18:46:00
User301,2023-10-26 22:26:00
User302,2023-10-08 14:31:00
User303,2023-10-01 01:56:00
User304,2023-10-24 18:08:00
User305,2023-10-19 06:43:00
User306,2023-10-23 19:53:00
User307,2023-10-03 14:41:00
User308,2023-10-08 01:18:00
User309,2023-10-19 22:40:00
User310,2023-10-07 07:02:00
User311,2023-10-28 13:17:00
User312,2023-10-12 03:18:00
User313,2023-10-31 20:17:00
User314,2023-10-14 18:07:00
User315,2023-10-29 11:26:00
User316,2023-10-29 23:34:00
User317,2023-10-29 18:53:00
User318,2023-10-19 00:13:00
User319,2023-10-30 23:36:00
User320,2023-10-07 08:09:00
User321,2023-10-15 12:53:00
User322,2023-10-29 21:25:00
User323,2023-10-26 06:35:00
User324,2023-10-05 07:18:00
User325,2023-10-07 02:30:00
User326,2023-10-22 08:29:00
User327,2023-10-11 00:31:00
User328,2023-10-01 12:53:00
User329,2023-10-25 17:15:00
User330,2023-10-27 11:33:00
User331,2023-10-19 22:52:00
User332,2023-10-14 14:08:00
User333,2023-10-06 07:24:00
User334,2023-10-21 06:20:00
User335,2023-10-22 19:15:00
User336,2023-10-20 00:13:00
User337,2023-10-29 23:29:00
User338,2023-10-02 15:04:00
User339,2023-10-20 19:51:00
User340,2023-10-23 07:07:00
User341,2023-10-31 05:22:00
User342,2023-10-01 18:13:00
User343,2023-10-25 22:59:00
User344,2023-10-12 07:07:00
User345,2023-10-05 00:19:00
User346,2023-10-16 18:28:00
User347,2023-10-25 20:48:00
User348,2023-10-04 04:49:00
User349,2023-10-30 05:47:00
User350,2023-10-10 16:12:00
User351,2023-10-24 07:46:00
User352,2023-10-27 12:29:00
User353,2023-10-08 06:25:00
User354,2023-10-28 11:43:00
User355,2023-10-29 01:42:00
User356,2023-10-10 06:19:00
User357,2023-10-13 00:56:00
User358,2023-10-22 08:11:00
User359,2023-10-03 18:46:00
User360,2023-10-03 07:32:00
User361,2023-10-22 19:42:00
User362,2023-10-18 19:58:00
User363,2023-10-25 13:06:00
User364,2023-10-15 18:36:00
User365,2023-10-04 01:39:00
User366,2023-10-23 07:49:00
User367,2023-10-15 21:47:00
User368,2023-10-11 20:59:00
User369,2023-10-11 12:51:00
User370,2023-10-01 14:47:00
User371,2023-10-16 16:47:00
User372,2023-10-17 06:02:00
User373,2023-10-15 17:22:00
User374,2023-10-04 03:25:00
User375,2023-10-05 17:03:00
User376,2023-10-27 20:15:00
User377,2023-10-18 19:21:00
User378,2023-10-30 09:10:00
User379,2023-10-30 11:04:00
User380,2023-10-07 06:27:00
User381,2023-10-28 21:04:00
User382,2023-10-06 21:03:00
User383,2023-10-23 05:15:00
User384,2023-10-15 17:34:00
User385,2023-10-28 20:28:00
User386,2023-10-17 07:08:00
User387,2023-10-23 07:30:00
User388,2023-10-03 12:49:00
User389,2023-10-20 01:44:00
User390,2023-10-09 11:18:00
User391,2023-10-02 07:11:00
User392,2023-10-24 18:18:00
User393,2023-10-04 21:49:00
User394,2023-10-04 04:09:00
User395,2023-10-11 02:28:00
User396,2023-10-18 20:14:00
User397,2023-10-08 21:50:00
User398,2023-10-03 02:26:00
User399,2023-10-02 20:11:00
User400,2023-10-12 18:34:00
User401,2023-10-19 03:26:00
User402,2023-10-29 11:52:00
User403,2023-10-22 12:02:00
User404,2023-10-09 06:30:00
User405,2023-10-04 06:21:00
User406,2023-10-20 00:36:00
User407,2023-10-12 17:40:00
User408,2023-10-03 09:50:00
User409,2023-10-07 06:28:00
User410,2023-10-14 13:58:00
User411,2023-10-07 20:56:00
User412,2023-10-09 14:52:00
User413,2023-10-13 01:07:00
User414,2023-10-02 00:35:00
User415,2023-10-04 16:31:00
User416,2023-10-27 15:41:00
User417,2023-10-22 03:07:00
User418,2023-10-18 21:23:00
User419,2023-10-06 15:23:00
User420,2023-10-16 06:34:00
User421,2023-10-25 17:08:00
User422,2023-10-22 18:25:00
User423,2023-10-11 02:58:00
User424,2023-10-01 18:36:00
User425,2023-10-04 02:46:00
User426,2023-10-13 06:32:00
User427,2023-10-14 12:33:00
User428,2023-10-21 05:04:00
User429,2023-10-21 04:01:00
User430,2023-10-21 05:52:00
User431,2023-10-04 03:49:00
User432,2023-10-05 02:51:00
User433,2023-10-11 09:27:00
User434,2023-10-20 12:31:00
User435,2023-10-21 09:13:00
User436,2023-10-09 22:58:00
User437,2023-10-16 09:18:00
User438,2023-10-15 09:14:00
User439,2023-10-25 08:14:00
User440,2023-10-04 19:08:00
User441,2023-10-08 21:31:00
User442,2023-10-22 13:52:00
User443,2023-10-11 09:49:00
User444,2023-10-13 02:24:00
User445,2023-10-11 06:13:00
User446,2023-10-29 23:43:00
User447,2023-10-09 23:06:00
User448,2023-10-07 07:42:00
User449,2023-10-10 16:58:00
User450,2023-10-12 13:56:00
User451,2023-10-01 06:10:00
User452,2023-10-12 22:35:00
User453,2023-10-15 22:04:00
User454,2023-10-19 11:20:00
User455,2023-10-11 09:28:00
User456,2023-10-16 06:21:00
User457,2023-10-19 09:25:00
User458,2023-10-16 00:39:00
User459,2023-10-11 05:06:00
User460,2023-10-31 10:29:00
User461,2023-10-12 00:12:00
User462,2023-10-16 10:12:00
User463,2023-10-05 13:29:00
User464,2023-10-16 16:12:00
User465,2023-10-02 07:58:00
User466,2023-10-19 04:17:00
User467,2023-10-04 12:07:00
User468,2023-10-31 16:52:00
User469,2023-10-07 13:06:00
User470,2023-10-30 07:41:00
User471,2023-10-23 21:04:00
User472,2023-10-14 22:16:00
User473,2023-10-09 23:33:00
User474,2023-10-14 18:08:00
User475,2023-10-28 06:59:00
User476,2023-10-26 01:48:00
User477,2023-10-28 08:48:00
User478,2023-10-17 02:42:00
User479,2023-10-16 00:07:00
User480,2023-10-26 18:09:00
User481,2023-10-30 02:58:00
User482,2023-10-19 17:05:00
User483,2023-10-08 16:55:00
User484,2023-10-13 22:56:00
User485,2023-10-07 17:40:00
User486,2023-10-19 22:40:00
User487,2023-10-05 02:05:00
User488,2023-10-26 19:51:00
User489,2023-10-16 16:21:00
User490,2023-10-27 02:05:00
User491,2023-10-24 03:46:00
User492,2023-10-19 04:30:00
User493,2023-10-02 13:36:00
User494,2023-10-15 09:57:00
User495,2023-10-07 13:22:00
User496,2023-10-17 12:15:00
User497,2023-10-01 03:57:00
User498,2023-10-09 00:33:00
User499,2023-10-22 11:40:00
User500,2023-10-09 18:37:00
User501,2023-10-13 03:08:00
User502,2023-10-07 14:22:00
User503,2023-10-01 17:29:00
User504,2023-10-13 00:18:00
User505,2023-10-12 22:27:00
User506,2023-10-27 23:41:00
User507,2023-10-24 13:39:00
User508,2023-10-15 19:01:00
User509,2023-10-18 21:24:00
User510,2023-10-04 19:10:00
User511,2023-10-16 07:35:00
User512,2023-10-18 21:07:00
User513,2023-10-25 20:44:00
User514,2023-10-07 00:06:00
User515,2023-10-23 08:25:00
User516,2023-10-23 00:16:00
User517,2023-10-08 23:00:00
User518,2023-10-11 21:53:00
User519,2023-10-25 08:58:00
User520,2023-10-24 05:10:00
User521,2023-10-29 16:14:00
User522,2023-10-28 12:34:00
User523,2023-10-30 08:03:00
User524,2023-10-14 03:28:00
User525,2023-10-07 07:02:00
User526,2023-10-14 21:41:00
User527,2023-10-06 03:39:00
User528,2023-10-28 19:35:00
User529,2023-10-14 15:46:00
User530,2023-10-26 20:01:00
User531,2023-10-28 14:58:00
User532,2023-10-15 21:30:00
User533,2023-10-31 02:54:00
User534,2023-10-17 18:27:00
User535,2023-10-07 20:30:00
User536,2023-10-10 21:29:00
User537,2023-10-04 13:46:00
User538,2023-10-08 12:28:00
User539,2023-10-20 09:59:00
User540,2023-10-10 10:13:00
User541,2023-10-11 05:43:00
User542,2023-10-14 10:53:00
User543,2023-10-24 21:16:00
User544,2023-10-01 21:18:00
User545,2023-10-14 13:29:00
User546,2023-10-01 14:39:00
User547,2023-10-19 21:17:00
User548,2023-10-28 09:25:00
User549,2023-10-19 05:03:00
User550,2023-10-28 22:07:00
User551,2023-10-19 09:37:00
User552,2023-10-04 14:53:00
User553,2023-10-04 01:24:00
User554,2023-10-05 01:27:00
User555,2023-10-13 09:08:00
User556,2023-10-21 02:17:00
User557,2023-10-18 15:08:00
User558,2023-10-07 12:54:00
User559,2023-10-23 10:02:00
User560,2023-10-19 14:20:00
User561,2023-10-01 22:19:00
User562,2023-10-06 23:17:00
User563,2023-10-09 18:15:00
User564,2023-10-08 01:19:00
User565,2023-10-09 00:42:00
User566,2023-10-28 21:03:00
User567,2023-10-12 21:50:00
User568,2023-10-04 13:11:00
User569,2023-10-17 23:15:00
User570,2023-10-05 09:13:00
User571,2023-10-21 20:16:00
User572,2023-10-16 07:30:00
User573,2023-10-02 23:48:00
User574,2023-10-29 09:23:00
User575,2023-10-02 15:48:00
User576,2023-10-04 00:51:00
User577,2023-10-25 22:36:00
User578,2023-10-06 02:15:00
User579,2023-10-02 10:05:00
User580,2023-10-23 11:04:00
User581,2023-10-08 15:25:00
User582,2023-10-29 16:34:00
User583,2023-10-24 07:30:00
User584,2023-10-16 06:33:00
User585,2023-10-21 17:10:00
User586,2023-10-01 12:19:00
User587,2023-10-05 11:06:00
User588,2023-10-22 05:44:00
User589,2023-10-06 03:12:00
User590,2023-10-29 12:49:00
User591,2023-10-11 10:40:00
User592,2023-10-14 17:12:00
User593,2023-10-28 16:51:00
User594,2023-10-23 01:06:00
User595,2023-10-26 00:23:00
User596,2023-10-18 08:03:00
User597,2023-10-27 04:14:00
User598,2023-10-01 19:52:00
User599,2023-10-29 23:13:00
User600,2023-10-09 02:16:00
User601,2023-10-20 18:49:00
User602,2023-10-21 22:47:00
User603,2023-10-06 16:44:00
User604,2023-10-30 04:52:00
User605,2023-10-22 02:37:00
User606,2023-10-20 06:26:00
User607,2023-10-22 18:02:00
User608,2023-10-27 23:02:00
User609,2023-10-13 19:33:00
User610,2023-10-14 16:47:00
User611,2023-10-30 21:20:00
User612,2023-10-24 14:28:00
User613,2023-10-25 03:44:00
User614,2023-10-01 04:51:00
User615,2023-10-30 09:16:00
User616,2023-10-14 21:10:00
User617,2023-10-24 13:37:00
User618,2023-10-12 17:32:00
User619,2023-10-13 13:46:00
User620,2023-10-18 17:09:00
User621,2023-10-15 09:49:00
User622,2023-10-31 03:33:00
User623,2023-10-15 06:11:00
User624,2023-10-07 19:59:00
User625,2023-10-20 13:39:00
User626,2023-10-12 08:07:00
User627,2023-10-08 15:42:00
User628,2023-10-24 17:29:00
User629,2023-10-18 04:14:00
User630,2023-10-14 18:59:00
User631,2023-10-31 06:10:00
User632,2023-10-01 19:59:00
User633,2023-10-18 11:06:00
User634,2023-10-14 03:07:00
User635,2023-10-03 00:16:00
User636,2023-10-09 19:15:00
User637,2023-10-13 12:30:00
User638,2023-10-05 20:49:00
User639,2023-10-08 08:11:00
User640,2023-10-13 20:40:00
User641,2023-10-26 08:04:00
User642,2023-10-05 00:32:00
User643,2023-10-27 08:18:00
User644,2023-10-31 10:15:00
User645,2023-10-10 23:32:00
User646,2023-10-11 04:16:00
User647,2023-10-21 07:37:00
User648,2023-10-02 15:12:00
User649,2023-10-18 08:06:00
User650,2023-10-16 03:57:00
User651,2023-10-07 10:14:00
User652,2023-10-19 02:16:00
User653,2023-10-01 18:35:00
User654,2023-10-04 13:20:00
User655,2023-10-19 22:13:00
User656,2023-10-11 09:14:00
User657,2023-10-07 15:50:00
User658,2023-10-16 08:39:00
User659,2023-10-01 08:18:00
User660,2023-10-23 16:52:00
User661,2023-10-25 11:10:00
User662,2023-10-26 09:28:00
User663,2023-10-07 14:03:00
User664,2023-10-19 15:27:00
User665,2023-10-31 23:45:00
User666,2023-10-18 19:10:00
User667,2023-10-27 04:34:00
User668,2023-10-20 10:32:00
User669,2023-10-11 02:51:00
User670,2023-10-20 16:22:00
User671,2023-10-09 20:39:00
User672,2023-10-24 11:43:00
User673,2023-10-17 12:19:00
User674,2023-10-12 17:09:00
User675,2023-10-08 04:17:00
User676,2023-10-21 16:20:00
User677,2023-10-20 04:05:00
User678,2023-10-15 04:36:00
User679,2023-10-13 08:48:00
User680,2023-10-23 21:53:00
User681,2023-10-19 00:16:00
User682,2023-10-19 06:10:00
User683,2023-10-24 08:33:00
User684,2023-10-17 11:16:00
User685,2023-10-13 05:05:00
User686,2023-10-03 23:10:00
User687,2023-10-12 08:31:00
User688,2023-10-23 00:31:00
User689,2023-10-23 11:29:00
User690,2023-10-28 04:27:00
User691,2023-10-12 10:19:00
User692,2023-10-17 10:11:00
User693,2023-10-03 13:11:00
User694,2023-10-14 17:17:00
User695,2023-10-24 09:05:00
User696,2023-10-29 23:46:00
User697,2023-10-13 08:55:00
User698,2023-10-13 20:59:00
User699,2023-10-23 01:28:00
User700,2023-10-11 05:51:00
User701,2023-10-09 03:11:00
User702,2023-10-13 15:58:00
User703,2023-10-05 11:48:00
User704,2023-10-18 12:08:00
User705,2023-10-16 03:25:00
User706,2023-10-22 04:18:00
User707,2023-10-24 04:01:00
User708,2023-10-07 00:23:00
User709,2023-10-07 16:11:00
User710,2023-10-04 12:15:00
User711,2023-10-03 19:35:00
User712,2023-10-07 00:53:00
User713,2023-10-09 22:23:00
User714,2023-10-08 08:29:00
User715,2023-10-27 21:13:00
User716,2023-10-09 23:40:00
User717,2023-10-24 03:24:00
User718,2023-10-12 04:36:00
User719,2023-10-05 23:11:00
User720,2023-10-01 21:17:00
User721,2023-10-30 07:45:00
User722,2023-10-03 22:11:00
User723,2023-10-03 08:17:00
User724,2023-10-13 10:47:00
User725,2023-10-17 05:28:00
User726,2023-10-27 11:35:00
User727,2023-10-10 10:11:00
User728,2023-10-24 22:58:00
User729,2023-10-16 06:42:00
User730,2023-10-07 01:30:00
User731,2023-10-21 21:55:00
User732,2023-10-19 07:55:00
User733,2023-10-30 21:03:00
User734,2023-10-21 13:34:00
User735,2023-10-16 18:29:00
User736,2023-10-18 19:37:00
User737,2023-10-21 12:56:00
User738,2023-10-22 23:30:00
User739,2023-10-06 01:20:00
User740,2023-10-21 15:36:00
User741,2023-10-28 16:33:00
User742,2023-10-28 11:53:00
User743,2023-10-26 20:07:00
User744,2023-10-04 15:24:00
User745,2023-10-09 07:42:00
User746,2023-10-07 10:08:00
User747,2023-10-25 06:27:00
User748,2023-10-11 08:53:00
User749,2023-10-03 05:34:00
User750,2023-10-03 19:24:00
User751,2023-10-08 23:52:00
User752,2023-10-30 19:53:00
User753,2023-10-04 23:45:00
User754,2023-10-12 05:21:00
User755,2023-10-13 19:25:00
User756,2023-10-31 04:54:00
User757,2023-10-23 09:40:00
User758,2023-10-09 11:24:00
User759,2023-10-09 08:10:00
User760,2023-10-01 09:05:00
User761,2023-10-31 07:31:00
User762,2023-10-03 23:26:00
User763,2023-10-18 11:22:00
User764,2023-10-02 11:39:00
User765,2023-10-06 02:13:00
User766,2023-10-21 15:54:00
User767,2023-10-08 22:19:00
User768,2023-10-14 17:20:00
User769,2023-10-10 12:19:00
User770,2023-10-03 15:52:00
User771,2023-10-15 02:58:00
User772,2023-10-19 01:57:00
User773,2023-10-22 22:37:00
User774,2023-10-01 15:57:00
User775,2023-10-24 01:32:00
User776,2023-10-27 13:53:00
User777,2023-10-03 22:53:00
User778,2023-10-01 06:47:00
User779,2023-10-25 05:52:00
User780,2023-10-02 01:14:00
User781,2023-10-09 02:37:00
User782,2023-10-19 19:52:00
User783,2023-10-14 23:03:00
User784,2023-10-18 20:31:00
User785,2023-10-17 20:53:00
User786,2023-10-08 00:49:00
User787,2023-10-25 10:17:00
User788,2023-10-20 19:23:00
User789,2023-10-03 04:49:00
User790,2023-10-11 06:14:00
User791,2023-10-27 13:51:00
User792,2023-10-16 13:43:00
User793,2023-10-22 05:27:00
User794,2023-10-10 23:05:00
User795,2023-10-18 05:12:00
User796,2023-10-11 23:15:00
User797,2023-10-27 10:14:00
User798,2023-10-26 04:11:00
User799,2023-10-07 09:46:00
User800,2023-10-07 03:24:00
User801,2023-10-22 00:09:00
User802,2023-10-12 19:20:00
User803,2023-10-05 01:33:00
User804,2023-10-16 10:22:00
User805,2023-10-28 03:53:00
User806,2023-10-13 21:49:00
User807,2023-10-31 15:41:00
User808,2023-10-20 00:10:00
User809,2023-10-19 20:43:00
User810,2023-10-08 22:04:00
User811,2023-10-18 19:57:00
User812,2023-10-07 05:25:00
User813,2023-10-12 15:36:00
User814,2023-10-16 00:50:00
User815,2023-10-19 10:17:00
User816,2023-10-09 13:23:00
User817,2023-10-12 12:50:00
User818,2023-10-18 15:25:00
User819,2023-10-27 14:37:00
User820,2023-10-24 06:30:00
User821,2023-10-04 01:59:00
User822,2023-10-10 23:27:00
User823,2023-10-07 23:50:00
User824,2023-10-27 21:52:00
User825,2023-10-08 22:33:00
User826,2023-10-31 22:58:00
User827,2023-10-15 06:07:00
User828,2023-10-26 01:16:00
User829,2023-10-08 14:44:00
User830,2023-10-01 00:24:00
User831,2023-10-31 00:55:00
User832,2023-10-01 02:15:00
User833,2023-10-31 12:55:00
User834,2023-10-09 03:50:00
User835,2023-10-07 12:26:00
User836,2023-10-02 18:41:00
User837,2023-10-12 01:56:00
User838,2023-10-21 16:14:00
User839,2023-10-25 12:45:00
User840,2023-10-16 16:32:00
User841,2023-10-20 23:42:00
User842,2023-10-31 03:30:00
User843,2023-10-06 00:51:00
User844,2023-10-13 15:54:00
User845,2023-10-03 21:30:00
User846,2023-10-29 19:00:00
User847,2023-10-13 04:28:00
User848,2023-10-11 05:19:00
User849,2023-10-14 10:27:00
User850,2023-10-12 03:45:00
User851,2023-10-26 01:36:00
User852,2023-10-10 03:07:00
User853,2023-10-26 02:33:00
User854,2023-10-19 02:40:00
User855,2023-10-30 06:11:00
User856,2023-10-15 22:35:00
User857,2023-10-14 04:34:00
User858,2023-10-18 01:33:00
User859,2023-10-09 12:34:00
User860,2023-10-28 18:21:00
User861,2023-10-23 15:56:00
User862,2023-10-14 18:56:00
User863,2023-10-09 04:38:00
User864,2023-10-29 21:07:00
User865,2023-10-07 19:59:00
User866,2023-10-07 21:56:00
User867,2023-10-01 06:49:00
User868,2023-10-15 00:37:00
User869,2023-10-05 12:35:00
User870,2023-10-29 12:36:00
User871,2023-10-05 07:54:00
User872,2023-10-07 09:35:00
User873,2023-10-22 18:24:00
User874,2023-10-29 00:27:00
User875,2023-10-26 20:24:00
User876,2023-10-25 03:38:00
User877,2023-10-03 18:03:00
User878,2023-10-30 00:52:00
User879,2023-10-27 18:19:00
User880,2023-10-10 09:03:00
User881,2023-10-10 10:13:00
User882,2023-10-23 07:29:00
User883,2023-10-21 00:15:00
User884,2023-10-23 22:15:00
User885,2023-10-27 12:47:00
User886,2023-10-22 21:00:00
User887,2023-10-14 07:27:00
User888,2023-10-05 23:23:00
User889,2023-10-19 04:49:00
User890,2023-10-16 02:39:00
User891,2023-10-13 08:36:00
User892,2023-10-06 16:53:00
User893,2023-10-15 03:05:00
User894,2023-10-24 21:43:00
User895,2023-10-15 14:41:00
User896,2023-10-09 13:37:00
User897,2023-10-29 11:16:00
User898,2023-10-20 00:25:00
User899,2023-10-04 16:03:00
User900,2023-10-20 06:31:00
User901,2023-10-09 02:45:00
User902,2023-10-18 00:35:00
User903,2023-10-19 06:00:00
User904,2023-10-13 10:31:00
User905,2023-10-24 17:01:00
User906,2023-10-05 11:13:00
User907,2023-10-24 06:39:00
User908,2023-10-19 00:28:00
User909,2023-10-03 12:32:00
User910,2023-10-15 20:55:00
User911,2023-10-13 03:28:00
User912,2023-10-19 02:43:00
User913,2023-10-17 13:18:00
User914,2023-10-10 13:29:00
User915,2023-10-30 15:23:00
User916,2023-10-23 21:23:00
User917,2023-10-28 09:56:00
User918,2023-10-03 09:20:00
User919,2023-10-07 15:23:00
User920,2023-10-29 01:57:00
User921,2023-10-05 07:22:00
User922,2023-10-15 20:26:00
User923,2023-10-23 14:33:00
User924,2023-10-03 17:41:00
User925,2023-10-29 12:42:00
User926,2023-10-14 02:33:00
User927,2023-10-16 01:44:00
User928,2023-10-28 13:10:00
User929,2023-10-21 21:44:00
User930,2023-10-05 04:55:00
User931,2023-10-20 16:07:00
User932,2023-10-21 15:48:00
User933,2023-10-19 04:10:00
User934,2023-10-16 17:34:00
User935,2023-10-19 22:19:00
User936,2023-10-14 17:10:00
User937,2023-10-19 19:49:00
User938,2023-10-29 15:52:00
User939,2023-10-13 02:34:00
User940,2023-10-20 17:44:00
User941,2023-10-02 15:40:00
User942,2023-10-26 07:47:00
User943,2023-10-05 17:18:00
User944,2023-10-18 13:35:00
User945,2023-10-08 16:33:00
User946,2023-10-15 19:40:00
User947,2023-10-22 00:18:00
User948,2023-10-08 21:56:00
User949,2023-10-23 21:18:00
User950,2023-10-06 16:02:00
User951,2023-10-07 05:35:00
User952,2023-10-27 21:56:00
User953,2023-10-16 16:41:00
User954,2023-10-06 21:25:00
User955,2023-10-05 20:41:00
User956,2023-10-08 02:54:00
User957,2023-10-02 00:14:00
User958,2023-10-26 04:30:00
User959,2023-10-11 00:36:00
User960,2023-10-02 04:00:00
User961,2023-10-13 07:12:00
User962,2023-10-30 11:30:00
User963,2023-10-14 12:01:00
User964,2023-10-15 11:55:00
User965,2023-10-06 01:57:00
User966,2023-10-21 02:51:00
User967,2023-10-20 22:48:00
User968,2023-10-01 14:44:00
User969,2023-10-24 03:01:00
User970,2023-10-18 20:36:00
User971,2023-10-10 09:10:00
User972,2023-10-28 03:43:00
User973,2023-10-19 08:49:00
User974,2023-10-13 06:15:00
User975,2023-10-18 22:01:00
User976,2023-10-27 19:59:00
User977,2023-10-31 00:57:00
User978,2023-10-12 07:04:00
User979,2023-10-29 06:54:00
User980,2023-10-11 13:20:00
User981,2023-10-22 14:50:00
User982,2023-10-21 16:09:00
User983,2023-10-12 06:35:00
User984,2023-10-16 02:01:00
User985,2023-10-17 15:44:00
User986,2023-10-03 21:36:00
User987,2023-10-02 15:16:00
User988,2023-10-09 18:33:00
User989,2023-10-31 06:53:00
User990,2023-10-27 15:29:00
User991,2023-10-12 13:04:00
User992,2023-10-10 22:26:00
User993,2023-10-26 21:10:00
User994,2023-10-01 04:12:00
User995,2023-10-29 17:00:00
User996,2023-10-19 07:58:00
User997,2023-10-30 15:08:00
User998,2023-10-01 03:49:00
User999,2023-10-01 13:48:00
User1000,2023-10-05 05:37:00
